順位,サイト名,記事タイトル,URL,スニペット,"本文(H2-4,P,Li,Blockquote,最大5万文字)"
1,logiquest.co.jp,ドライバーの採用が難しい４つの理由と対処法を分かりやすく解説 ...,https://logiquest.co.jp/regular/column/recruitment-difficulties/,2024/06/27 ... ドライバーの採用が難しい理由 · 1-1. 労働環境の厳しさ · 1-2. 高齢化と人材確保の難しさ · 1-3. 採用単価の増加 · 1-4. 有効求人倍率の問題.,"ドライバーの採用が難しい４つの理由と対処法を分かりやすく解説 | コラム一覧｜配送代行のロジクエスト 物流コラム一覧 ドライバーの採用が難しい４つの理由と対処法を分かりやすく解説 2024年06月27日 ドライバー採用, 物流基礎知識 &#8212; ⏱この記事は5分で読めます &#8212; 近年、物流業界におけるドライバー不足が深刻化しています。「ドライバーの採用が難しい」と感じ、問題視している企業も増えており、採用担当者は頭を抱える状況が続いています。なぜこれほどまでにドライバーの採用が難しいのでしょうか？その理由と解決策を詳しく解説します。この記事の目次ドライバーの採用が難しい理由ドライバーの採用が難しい理由はいくつかありますが、ここでは特に理解しておくべき4つのポイントについて詳しく解説しています。労働環境の厳しさから2024年問題まで、配送ドライバーを採用するうえで重要な内容をまとめているので今後の採用活動の参考にしてみてください。1-1. 労働環境の厳しさ運送業のドライバーは、長時間労働や深夜勤務、休日出勤が必要となる場合が多く、厚生労働省の調査によると、トラックドライバーの労働時間は全産業平均と比較して約1.2倍長いという結果が出ています。また、年間収入額についても、トラックドライバーの収入は全産業平均より約1割少ないことが分かっており、賃金が労働の厳しさに見合っていないと感じる人が多く、結果として求職者が少ない状況です。労働時間が長いだけでなく、その分の報酬が十分でない場合、他の職種を選ぶ人が増えるのも無理はありません。出典：厚生労働省（自動車運転者の長時間労働改善に向けたポータルサイト）1-2. 高齢化と人材確保の難しさ日本全体の高齢化が進む中で、ドライバーの平均年齢も上昇しています。多くのドライバーが定年退職する一方で、若年層のドライバーが少なく、企業は新たな人材を確保するのに苦労しています。若い世代がドライバー職に魅力を感じず、他の業界に流れてしまうことも、採用難の要因となっています。出典：厚生労働省（自動車運転者の長時間労働改善に向けたポータルサイト）1-3. 採用単価の増加ドライバーを採用するためのコストは、他業種に比べると現時点では少し低いですが年々増加傾向にあります。株式マイナビの調査によると、求人広告費における運輸・交通・物流・倉庫業界の中途採用単価（※ドライバーだけでなく、営業・事務など他の職種も含まれる）は30.5万円であり、中途採用単価の全体平均38.5万円と比較すると8万円ほど低い金額です。出典：株式会社マイナビ（中途採用状況調査2024年版（2023年実績））しかし、2024年問題の影響から、近年では運輸・交通・物流・倉庫業界の採用費用が増加傾向です。こちらも株式マイナビの調査によると、2022年から2023年にかけた採用費用について、運輸・交通・物流・倉庫業界では「増えた」にあたる回答をした企業が48.2％と業界全体で最も高い比率でした。今後は求人広告費や採用プロセスにかかる費用、さらには採用後の研修費用など、企業の負担は大きくなっていくと予想できます。このため、採用活動そのものが企業の経営を圧迫することになり、ますますドライバーの確保が難しくなっています。出典：株式会社マイナビ（中途採用状況調査2024年版（2023年実績））1-4. 有効求人倍率の問題有効求人倍率とは、求職者1人あたりに対してどれだけの求人があるかを示す指標です。この倍率が高いと、求職者に対して求人が多いことを意味します。ドライバー職は常に高い有効求人倍率を示しており、これはドライバーを必要とする企業が多い一方で、求職者が少ないことを示しています。このため、企業間での人材争奪戦が激化し、結果として採用が難しくなっています。ドライバーの採用数を増やすための対処法次に、どうすれば採用活動がうまくいくのかをドライバー採用が難しい理由を参考に、対処方法を4つご紹介します。労働環境の改善など簡単には変えることができないものもあるので、取り組みやすいものから改善していくことをおすすめします。2-1. 労働環境の改善労働環境の改善は、ドライバーの採用と定着を図るための基本です。具体的には、労働時間の短縮やシフトの柔軟化、休憩時間の確保などが考えられます。2-2. 魅力的な報酬制度の導入賃金水準の向上はもちろん、成果に応じたインセンティブ制度の導入など、ドライバーがやりがいを感じられる報酬制度を構築することが重要です。2-3. 求人広告の工夫求人広告の内容を工夫することで、応募者の関心を引くことができます。例えば、仕事のやりがいや福利厚生の充実を強調することや、具体的な業務内容をわかりやすく伝えることが効果的です。2-4. 人材育成プログラム新たに採用したドライバーに対しては、充実した研修プログラムを提供し、スキルアップをサポートすることが重要です。これにより、未経験者でも安心して業務に取り組むことができます。配送代行という選択肢3-1. 配送代行のメリットドライバーの採用が難しい場合、配送代行を利用するという選択肢があります。配送代行を利用することで、ドライバー不足の問題を解消することができ、また、配送業務を外部に委託することで社員の負担を軽減し、メイン業務に集中できる環境を整えることで業務効率化を図ることができます。3-2. コスト削減と品質向上配送代行を利用することで、採用費用や車両維持費などを削減することができます。また、専門性の高いスタッフを活用することで、配送業務の質を向上させることができます。3-3. 配送代行サービスの選び方配送代行サービスを選ぶ際には、信頼性や実績、料金体系などを確認することが重要です。また、自社のニーズに合った柔軟なサービスを提供してくれる業者を選ぶことが成功の鍵となります。3-4. おすすめの配送代行サービス配送代行サービスの選択肢として、おすすめなのが「ロジクエスト」です。ロジクエストは以下のような特徴を持っています。全国対応：日本全国どこでもサービスを提供しており、地域に関係なく利用できます。

多様な配送プラン：配送する荷物の種類や量に応じて最適なプランを選択できます。荷物の集荷・配送だけでなく配送に付随する付帯作業も対応可能で、自社配送と変わらない配送クオリティを提供します。

24時間対応：急な配送依頼にも対応できるよう、24時間365日対応しているため、緊急時にも安心です。

高品質なサービス：経験豊富なドライバーが丁寧かつ迅速に対応し、ドライバーの身だしなみなどもご指定可能です。

システム連携：独自のITシステムを活用しており、配送状況をリアルタイムで確認できるため、業務の透明性が高まります。

詳細は公式ウェブサイト（ロジクエスト）をご覧ください。

まとめ

ドライバーの採用が難しい現状を踏まえ、労働環境の改善や魅力的な報酬制度の導入などの対策を講じることが重要です。しかし、それでも解決が難しい場合は、配送代行を利用するという選択肢も検討してみてください。適切な対策を講じることで、企業の物流業務をスムーズに進めることができるでしょう。

ロジクエスト編集部

株式会社ロジクエストにて、国内外の輸送案件に従事する専門家メンバーが作成。物流に関わる基礎知識やトレンドについて、分かりやすく解説しています。

関連記事

ドライバー採用で困ってない？採用を成功させるための3つのポイント

2024年問題とは？物流・運送業界への影響と対策をわかりやすく解説

物流アウトソーシングとは？メリットと導入事例をご紹介

検索

カテゴリ一覧

スポット配送

ドライバー採用

物流基礎知識

配送代行サービス

プライバシーポリシー

Cookieポリシー

運送約款

贈収賄防止

勧誘方針

&copy; 2019- LOGIQUEST INCORPORATED.

お電話によるお問合せ

定期・ルート配送

一定期間の配送業務の委託に関するお問合せ先

0120-425-145

受付 9:00 - 17:00土日祝・年末年始除く

急ぎ・当日中の配送

「一刻も早く届けたい」「今日中に届けたい」などの当日配送のご注文やお問合せ先

0120-37-8199

24時間年中無休受付

この画面を閉じる"
2,tracom.co.jp,ドライバーの採用が難しいのはなぜ？解決策のヒントをご紹介 ...,https://www.tracom.co.jp/tralog/driver-4/,2024/12/23 ... その要因としては若年層の車離れや、免許制度の改正による応募資格の問題、仕事内容・労働時間などがネックになるケースが多くあります。しかも45~59歳の ...,"ドライバーの採用が難しいのはなぜ？解決策のヒントをご紹介 | トラコム株式会社 Indeed代理店 お電話でのお問い合わせはこちら 0120-989-779 平日 10:00〜18:00 (祝日・年末年始を除く) 電話でお問い合わせ 0120-989-779 Webでお問い合わせ トップ

採用支援 ドライバーの採用が難しいのはなぜ？解決策のヒントをご紹介

トラコム社員がお届け！

更新日：2024.12.23

ますます採用難が続く近年。令和4年9月に有効求人倍率が全職種の平均で1.20倍まで上がりました。2024年問題など特に物流業界での需要が高まっており、そんな中トラック・バス・タクシーなどのドライバーの人手不足に頭を抱えている企業様も多いのではないでしょうか。このコンテンツでは産業や物流を支えるドライバー募集について解説。タウンワークやはたらいくなどの公募メディアを使って採用する上で、求職者が考えていること、期待していることを改めて共有いただき、採用成功の一翼を担えれば思います。

こちらの記事もおすすめです

ドライバー・運転手の「やめる理由」と「選ぶ理由」ドライバー採用 給与よりも大事にしたい求職者のホンネ高齢化が進むドライバー業界。若者を採用するポイントとはドライバー採用にはどれがおすすめ？転職サイト、エージェントなど採用手法を解説【物流会社向け】

ドライバーはなぜ採用難なのか？

ドライバーでの有効求人倍率

冒頭でも記載させていただきました有効求人倍率。全体的にも年々上昇している傾向にある中で、“ドライバー”の職種にデータを絞ると、なんと2.12倍（令和4年9月）と非常に高い数値に推移しています。

他の業種と比較しても採用が難しい背景の一つに、若年層の就業者の確保が難しいことが挙げられます。その要因としては若年層の車離れや、免許制度の改正による応募資格の問題、仕事内容・労働時間などがネックになるケースが多くあります。しかも45~59歳の中年層の割合が全業種で33.8%に対し、道路貨物運送業では45.3%を超える結果となり、若年層の採用は業界全体の深刻な課題とも言えます。

参照：トラック運転者不足の実態｜厚生労働省

もう一つの背景

採用におけるもう一つの背景に“家族からの反対”ということが挙げられます。運送業の現場では事故の危険性などから、就業者の安全を守る為に様々な設備や取り組みを導入している企業様がほとんどだと思います。ですが、家族の不安を取り除くためには、まだ十分な理解を得られていないのが現状です。

また、昨今ではワークライフバランスが重要視される傾向にあります。運送業はほかの業界と比べると、労働時間が長いので採用が難しくなる一因ともなります。

このような背景を踏まえた上で、明確にしたいこととして、具体的なターゲット設定が重要となります。未経験、経験者、若年層、中年層など様々な属性の求職者がいる中で、御社が求める人物はどの属性なのか。まずそこを見極める必要があると思います。

ドライバー採用の成功事例

ここでは私が担当させていただきましたお客様で効果のあった事例をご紹介したいと思います。

まずターゲットですが、どんな人が良いのかイメージを明確化します。20代～30代の年齢が若い層でも仕事の考え方は人それぞれなので、属性×思考をまず具体的にします。例えば、20代独身で、やすみがしっかり取れてプライベートの時間が欲しい人。30代既婚者で家族のためにしっかり稼ぎたい人。など。ターゲットの人物像が具体的になれば、そのターゲットが求めていることをピンポイントに原稿にアピールし書き起こすことで、応募の数と質を向上させることができるんです。前置きが長くなりましたが、早速事例の紹介に移りたいと思います。

今回紹介させていただくお客様の募集背景は業務拡大による増員募集でした。その上でターゲットが若年層（長期キャリア形成の為）とのことでした。ターゲットの設定をする上で属性は決まったので、思考をどうするか。ここで労働時間が深夜から早朝までの募集でしたので、ターゲットを「20代独身で運転が好きな男性」と設定しました。

なぜ「運転好きをターゲット」にしたのかと言いますと、

・深夜の時間はしんどい。ではなく、交通量も少なくストレスの少ない運転ができること。・特別な経験や専門知識は無くても免許さえあればできる仕事。

このコンセプトを原稿に盛り込みリアルに伝えたことで、お客様の採用充足へ効果的に結びつけることができました。

ドライバー採用成功のポイント

上記の事例での成功のポイントを、整理してみましょう。

①採用ターゲットの明確化

採用ターゲットを「20代独身」という属性を設定し、なるべく細かく原稿に盛り込んだことで、求職者に「自分のことだ！」と気づいてもらうことで応募につなげることができました。こういったリアルな人物像をイメージできるような原稿は非常に効果的です。

理想の人材からの応募が来ないという悩みがある方は、まずは改めて採用ターゲットを見直したり、イメージを明確にしてみましょう。

②採用ペルソナの設定

今回の事例では「20代独身で運転が好きな男性」という応募者の思考×属性といった、具体的な人物像をもとに原稿を作成していました。

「採用ターゲット」とよく混同される言葉として「採用ペルソナ」がありますが、この思考の部分は採用ペルソナにあたります。採用ペルソナと採用ターゲットの違いは以下のとおりです。

採用ターゲット：採用活動の対象となる求職者グループ

採用ペルソナ：特に採用したい理想の人物像を具体的にイメージした架空の人物

採用ペルソナを設定するには、採用ターゲットよりも詳しい情報が必要になります。つまり、採用ターゲットが大きな枠を示すのに対し、採用ペルソナはその中のより具体的なイメージを表しているのです。

採用ペルソナを設定することで、求職者にリアルな人物像を訴求することが可能なだけでなく、採用後のミスマッチや採用活動の効率化にもつながります。

詳しくは以下の記事でも説明しているので、ご参考ください。採用ペルソナとは？失敗しない作り方やテンプレートを紹介

ドライバー採用でお悩みの方はトラコムまで

今回は採用という課題をテーマにさせていただきました。しかしながら、従業員の定着など他にも課題は山積みかと思います。そんな中でも私たちは、御社とともに伴走し、課題解決に向けて微力ながらもお手伝いできればと考えております。

弊社トラコムは、豊富な実績とノウハウをもとに、効果に結びつく求人原稿の作成や運用をサポートします。お気軽にお問い合わせください。

Tweet

ドライバー採用に関わる記事

Indeedでのドライバー募集で効果を上げるポイントとは？運用事例やメリットもご紹介

ドライバー不足で危機的な状況にある昨今。国全体としても深刻なドライバー不足により、さまざまな分野に極めて重要な影響をもたらすといわれております。 時間外労働の規制も設けられた「2024年問題」により、ドライバー採用が急務 [&hellip;]

ドライバー募集におすすめの求人サイト｜効果の出るターゲット別訴求ポイント

ドライバーの採用難が叫ばれる昨今。時間外労働に上限規制が設けられた2024年ですが、労働時間の削減に取り組むため、ドライバーの増員をお考えの企業様も多いのではないでしょうか。しかし、思うようにドライバー採用が進まないため [&hellip;]

タクシードライバーの採用成功事例｜採用に失敗する理由と応募を集める求人原稿の作り方

「求人を出しても応募がこない」「採用できずに未稼働のタクシーを多数抱えてしまっている」こんなお悩みを抱えるタクシー業界の企業様は多いのではないでしょうか。本記事では、タクシードライバーの採用のコツや応募につなげるための求 [&hellip;]

おすすめ記事

AIが変える採用の未来―リクルート×Indeedの新サービス

Indeedの効果測定のポイント解説！指標ごとの目安も紹介

採用担当者の業務が忙しい時期や理由とは？業務効率化のポイントやツールをご紹介

求人広告に動画を活用するメリットとは？活用事例や作成時のポイントもご紹介

トラコム公式LINEの登録受付中！

LINEで簡単・スピーディーに求人掲載のご依頼が可能です

トラコムの事例紹介

10万円投じても有効応募なし…からの大逆転！Indeed PLUSで11件応募、4名採用を実現【株式会社アイティフォー・ベックス様】

なぜ？バイト先として人気でも就職先には選ばれにくい―― 学生アルバイトを新卒採用するための「採用制度構築プロジェクト」【英進館株式会社様】

求人生成AIで月300本の新規原稿を自動作成｜Indeedクローリング掲載終了後の採用難リスクを回避【ヒューマンステージ株式会社様】

セミナー情報

【11月25日（火）開催／無料セミナー】あなたの説明会は、学生に伝わっていますか？ 〜オンライン説明会を成功に導く5つの指標〜

【11月18日（火）開催／無料セミナー】あなたの説明会は、学生に伝わっていますか？ 〜オンライン説明会を成功に導く5つの指標〜

【11月11日（火）開催／無料セミナー】あなたの説明会は、学生に伝わっていますか？ 〜オンライン説明会を成功に導く5つの指標〜

人気のキーワード

採用手法

応募数UP

Indeed

採用成功

中途採用

採用率UP

新卒採用

求人広告の原稿

原稿改善

アルバイト採用

人気記事ランキング

1 たった一つの工夫が成果を分ける！求人ボックス運用事例集【資料ダウンロード可能】

2 成果報酬型求人とは？4つの課金タイプの特徴・仕組みを徹底比較

3 Google広告の掲載料金と費用相場はどのくらい？採用への活かし方まで解説

4 Indeed自動アプローチ機能とは？設定方法や効果を高めるコツをご紹介

5 採用管理システム（ATS）を導入する7つのメリットとは？

トラログを書いている人たち

メンバー紹介

電話でお問い合わせ Webでお問い合わせ トラログはこんな記事を書いています 採用ノウハウ 年間1万社以上の取引と採用実績から採用課題の解決につながる、現場のリアルな事例やお役立ち情報を発信しております。

求人媒体のノウハウ いつもご利用されている求人採用を見直してみませんか？悩み、ぜひ教えてください！御社の魅力を一緒に考えさせてください！ 記事一覧を見る

集客・販促ノウハウ 今注目されているGoogleマップやSNS（インスタ等）を活用した集客、インバウンド対策、オウンドメディア企画・運用など最新の集客トレンドやノウハウを発信していきます。 記事一覧を見る

セミナー情報 媒体活用の採用支援や人材育成に関わるセミナーから研修や集客方法をご紹介するワークショップまで、さまざまな自社開催のセミナー情報をお届けします。 記事一覧を見る

お問い合わせ CONTACT

お電話でのお問い合わせはこちら

0120-989-779

WEBでのお問い合わせはこちら

メルマガ登録

最新の採用事例やノウハウ、新着ブログ、セミナーなど採用活動全般にプラスになる情報をお届けします。

ご登録いただく前にプライバシーポリシーをご一読ください

トップ

会社案内 私たちについて

会社概要

メンバー紹介

サービス 取り扱いメディア

人材採用支援

事例紹介

採用情報

お問い合わせ

プライバシーポリシー

copyright &copy;2025 Tra Com. All righits reserved."
3,doraever.jp,なぜドライバー採用は難しい？採用単価や求人を出す時のポイント ...,http://doraever.jp/column/driver-recruit,ドライバー採用の難しさの背景には、労働時間の長さや給与の低さ、さらにはドライバーの高齢化が挙げられます。また、近年ではワークライフバランスの重要性が認識される中 ...,"&times; 会員登録 ログイン 求人情報 求人検索TOP 新着求人一覧 未経験歓迎 寮社宅あり 会社紹介 運営会社 ドラEVERからのお知らせ 掲載をご希望の企業様 運送業界は、絶えず運転手の不足という課題に直面しています。特に近年、物流の需要が高まる中で、ドライバーの採用は極めて困難な問題となっており、企業にとって頭を悩ます要因の一つとなっています。この記事では、なぜドライバー採用が難しいのか、その背景となる要因を明らかにし、求人を出す際のポイントについて徹底解説します。また、採用単価やその他気にしておきたいデータも併せて提供し、運送業界における人材確保の現状と改善策について考察します。ドライバー採用の難易度は、有効求人倍率の差によっても明らかとなっています。全職種の有効求人倍率と比較し、ドライバー職の有効求人倍率は約2倍となっており、この数字からもドライバー不足の深刻さが伺えます。国土交通省のデータによれば、運送業界の労働力不足は更に深刻化する傾向にあり、企業にとって人材確保は避けて通れない課題となっています。ドライバー採用の難しさの背景には、労働時間の長さや給与の低さ、さらにはドライバーの高齢化が挙げられます。また、近年ではワークライフバランスの重要性が認識される中、仕事に対する価値観の変化も採用の難しさに影響を与えています。これらの要因が絡み合い、ドライバー採用は一層難易度を増しているのです。求人情報を出す際には、求職者が求める情報を明確かつ分かりやすく伝えることが重要です。具体的には、給与、休日、職種、仕事内容、勤務条件、応募資格などを明示することで、求職者の関心を引き、応募率を上げることが期待できます。さらに、採用単価や運送業界における各種のデータも参考にすることで、より効果的な採用戦略を練ることが可能となります。厚生労働省の統計データ等を基に、平均年収、年間労働時間、平均年齢、年齢構成比、宅配便取扱個数の遷移などを分析し、運送業界の現状と今後の展望について考察します。そして、ドライバー採用において利用することが推奨される求人サイトを紹介します。ドラEVERをはじめとするドライバー専門求人サイト各社の特徴を比較し、それぞれの求人サイトがどのように企業や求職者に利益を提供しているのかについても詳しく説明します。本記事を通じて、運送業界におけるドライバー採用の難易度と、求人情報を出す際のポイントについて深く理解していただければと思います。また、採用単価や運送業界における重要なデータも参考にしていただき、効果的な採用戦略の構築に役立てていただければ幸いです。ドライバーの採用状況と難易度

なぜドライバー採用は難しい？

求人情報を出す時のポイント

ドライバー採用の単価や気にしておきたい各種データ

ドライバー採用におススメの求人サイト

まとめ

ドライバーの採用状況と難易度

運送業界におけるドライバーの採用は、極めて厳しい状況に直面しています。特に都市部においては、ドライバー不足の問題が深刻化しており、2019年4月の地域別有効求人倍率は東京で4.13倍、大阪で3.83倍、愛知で5.65倍と非常に高い数値を記録しています。さらに、2020年1月には全国的に有効求人倍率が3.14倍となっており、2023年2月には2.3倍と他の職種と比較しても非常に高い数値を示しています。これらのデータから、ドライバー職の有効求人倍率が1倍を超えることは、ドライバー志望の求職者数よりもドライバー人材を求める企業数が多いことを示しており、企業にとっては一人のドライバーを採用することが困難であることが明らかになっています。

運送業界におけるドライバー不足の背景には、労働環境の厳しさや給与の低さ、そしてドライバーの高齢化が挙げられます。特に、トラック運転者の平均年齢は高く、新しい人材の流入が見込めない状況が続いています。これらの要因が、ドライバーの採用をさらに困難にしており、企業にとっては長期的な人材確保の戦略が求められる状況となっています。

また、コロナ禍においても、運送業界の重要性は増しており、物流の安定供給を担うドライバーの需要は高まっています。しかし、コロナ禍による経済の悪化や感染症対策のための新たな負担が企業にかかる中で、労働条件の改善や新しい人材の採用はさらに困難となっています。これらの要因が絡み合い、ドライバー採用の難易度は一層高まっているのが現状です。

さらに、ドライバー不足は、消費者にとっても影響を与えています。特に、宅配便の利用が増加している中で、ドライバー不足による配達遅延やサービスの低下は避けられない問題となっています。これからも運送業界の発展とともにドライバーの需要は増していくことが予想されるため、企業にとっては、労働環境の改善や新しい採用戦略の検討が急務とされています。

ここまで、ドライバーの採用状況・難易度について整理してきました。企業にとっては、労働環境の改善や新しい採用戦略を検討することで、ドライバー採用の難易度を下げることが可能となり、業界全体の発展に貢献することができるでしょう。

なぜドライバー採用は難しい？

ドライバー採用が困難である主な理由はいくつか存在します。ここでは、労働時間の長さと給与の低さ、ドライバーの高齢化、そして仕事に対する考え方の変化（ワークライフバランス）に焦点を当てて解説します。

労働時間の長さと給与の低さ

運送業界におけるドライバーの労働時間は非常に長く、特にピーク時には連続して長時間の労働が求められることがあります。しかし、その労働時間に見合った給与が支払われていない場合も少なくなく、これがドライバー採用の障壁となっています。給与の低さは特に若い世代にとって大きなデメリットとなり、運送業界への就職意欲を減少させています。

ドライバーの高齢化

運送業界ではドライバーの高齢化が進行しており、新しい世代のドライバーが不足しています。高齢化が進む一方で、新しい世代のドライバーが業界に参入しにくい状況が続いており、これがドライバー不足の一因となっています。

仕事に対する考え方の変化（ワークライフバランス）

近年では、ワークライフバランスの重要性が認識されるようになり、個人の生活と仕事のバランスを重視する傾向が強まっています。しかし運送業界では長時間労働が常態化しており、ワークライフバランスを重視する若い世代にとっては、運送業界への就職は魅力的でないと感じられています。

労働条件の改善の遅れ

労働条件の改善が進んでいないことも、ドライバー採用の難しさにつながっています。特に、勤務時間や休日、待遇などの改善が求められている中で、企業側がこれらの改善を進めることができず、人材の確保が困難となっています。

以上のような要因が絡み合い、ドライバーの採用が困難である状況が続いています。これらの問題を解決し、運送業界における労働環境を改善することで、新しい世代のドライバーを業界に引き入れることが可能となり、ドライバー不足の問題を緩和することができるでしょう。企業にとっては、労働条件の改善や新しい採用戦略を検討し、運送業界全体の人材不足の問題を解決することが求められています。

求人情報を出す時のポイント

ドライバーの採用において、求人情報の書き方は非常に重要です。求職者が求める情報を明確かつ分かりやすく提供することで、応募率を上げることが可能となります。ここでは、ドライバーの応募率を上げるための求人情報の書き方のコツを紹介します。

給与明示

給与は求職者にとって最も重要な情報の一つです。給与を明示することで、求職者は自身の生活設計と照らし合わせて判断することができ、応募意欲が高まります。

休日・勤務時間の明示

休日や勤務時間も重要な情報です。勤務時間や休日を明示することで、求職者はワークライフバランスを考慮しながら判断することができます。

職種・仕事内容の明示

どのような仕事を行うのか、どのような職種であるのかを明示することで、求職者は自身の興味や適性と照らし合わせて判断することができます。

勤務条件・応募資格の明示

勤務条件や応募資格を明確にすることで、求職者は自身の条件と比較し、応募するかどうかを判断することができます。

企業の魅力や特色をアピール

企業の文化や特色、福利厚生などをアピールすることで、求職者の関心を引き、企業への応募意欲を高めることができます。

明確で分かりやすい言葉を使用する

求人情報は明確で分かりやすい言葉を使用し、ジャーゴン(業界用語)や専門用語は避けることで、多くの求職者に情報を理解してもらうことができます。

写真や動画を活用する

写真や動画を利用して、実際の職場環境や仕事内容を視覚的に伝えることで、求職者により具体的なイメージを提供することができます。

成功事例や先輩の声を掲載する

成功事例や先輩の声を掲載することで、求職者に対して仕事の魅力や成長の可能性をアピールすることができます。

以上のポイントを踏まえて求人情報を作成することで、求職者の関心を引き、応募率を上げることが期待できます。ドライバー採用においては、求人情報の質が応募数や採用成功率に大きく影響するため、これらのポイントを活用して効果的な求人情報を作成し、成功した採用活動を実現させることが重要です。

ドライバー採用の単価や関連データ

採用活動をするうえで気にしておきたい、ドライバー採用の単価やそれに関連する各種データについて詳細に解説します。採用単価は、一人のドライバーを採用する際にかかる平均的な費用を指します。ここでは、採用単価の相場やそれに影響を与える要因、さらにはドライバーの平均年収や年間労働時間、年齢構成比、そして宅配便取扱個数の遷移に関する情報を紹介します。

採用単価の相場

ドライバーを一人採用する際にかかる費用は概ね30万円とされています。しかし、この単価は企業のホームページやドライバー紹介、求人広告、人材サービスなどの利用方法によって異なる可能性があります。特にドライバー人材サービスの場合は、認知度が低く、固定金額で50万円から100万円に設定されていることもあると報告されています。さらに他の情報源では、採用が決定した際には、ドライバーの理論年収の30％前後、もしくは50～100万円ほどのお金を紹介会社に支払うことになると述べられています。

平均年収と年間労働時間

ドライバーの年間所得額や年間労働時間等に関する情報は、厚生労働省の「賃金構造基本統計調査」から得られます。2021年の調査では、全産業の平均年収は489万円であったのに対し、中小型トラックドライバーの平均年収が431万円、大型トラックドライバーが463万円と低水準となっています。その一方で、年間の労働時間は中小型トラックドライバーが2,484時間、大型トラックドライバーが2,544時間となっており、いずれも全産業平均の2,112時間よりも長い労働時間となっています。

年齢構成比と宅配便取扱個数の遷移

年齢構成比や宅配便取扱個数の遷移も、ドライバー採用の重要な側面を理解するのに役立つ情報となります。厚生労働省の調査によれば、2021年のトラックドライバーの平均年齢は全産業平均が43.4歳なのに対し、中小型トラックドライバーが47.4歳、大型トラックドライバーが49.9歳といずれも高い傾向にあります。また総務省による「労働力調査」によると、道路貨物運送業就業者の年齢構成比における45～59歳の割合が45.3％あり、全産業の33.8％よりも圧倒的に高い数値が出ています。その一方で、29歳以下の全産業における年齢構成比が16.5％あるのに対し、道路貨物運送業では10.0％と低く、トラックドライバーの高齢化がうかがえます。

また宅配便の取り扱い個数や再配達率の推移は、運送業界の需要と供給のバランスを示す指標となります。宅配便の取り扱い個数は年々増加しており、2021年には年間約50億個と過去最高を更新しています。また、再配達率は2019年までは15%前後で推移し、その翌年には新型コロナ流行の影響で8％程度まで一気に減少しましたが、2023年4月には11.7％と再び増加しています。

これらのデータを総合することで、ドライバー採用のコストと労働市場の動向を理解し、より効果的な採用戦略を策定することが可能となります。

ドライバー採用におススメの求人サイト

ドライバーの採用に関して、求人サイトは非常に重要な役割を果たします。特に、ドライバー専門の求人サイトは、企業とドライバー候補者とのマッチングを助け、採用活動を効率化します。ここでは、ドライバー採用におススメの求人サイトを紹介します。

ドラEVER

ドラEVERは、ドライバーや運送業に特化した専門求人ウェブサイトで、求人掲載数は約28,000件と国内最大級を誇ります。また、新サービスとして「人材紹介」が開始されており、これを活用することで、さらに効果的な採用活動を展開することが可能です。

クロスワーク

クロスワークは、建設業・運送業における多様な職種の求人情報を提供する求人サイトで、ドライバー職にも強いサイトとされています。利用者は自分に合った求人を簡単に検索し、応募することができます。

ジョブコンプラスD

ジョブコンプラスDは、ドライバー専門の求人情報サイトで、多くのドライバー求人が掲載されています。検索機能が優れており、細かい条件から求人を探すことが可能となっています。

ドラピタ

ドラピタは、運送業界に特化した求人情報サイトで、ドライバーの求人情報を提供しています。ユーザーフレンドリーなインターフェイスで求人情報を探し、応募することができます。

ノルワークス

ノルワークスは、首都圏・都市部におけるドライバー職の求人情報を多く提供しています。シンプルで使いやすいサイトデザインが特徴で、多くのドライバー候補者に支持されています。

これらの求人サイトは、それぞれが独自の特徴や強みを持ちながら、ドライバー採用において効果的なプラットフォームを提供しています。企業は、自身の採用ニーズや目的に応じて、最適な求人サイトを選び、効果的な採用活動を展開することが可能となります。また、求人サイトを利用することで、広範なドライバー候補者にアクセスし、質の高いドライバー人材を確保することが期待できます。

まとめ

ドライバー採用の難しさは、労働市場の厳しい状況と、求人広告の戦略が密接に関係しています。ドライバー不足は運送業界における深刻な課題であり、労働時間の長さや給与の低さ、さらにはドライバーの高齢化が主な要因となっています。しかし、求人情報を適切に作成し、求職者が求める情報を明確かつ分かりやすく提供することで、応募率を上げることが可能です。

採用単価の理解と適切な求人サイトの利用は、効率的なドライバー採用活動において重要な要素です。採用単価の相場を理解し、求人サイトを効果的に利用することで、質の高いドライバー人材を確保し、運送業界の人材不足問題に対処することができます。

また、ドライバー採用におススメの求人サイトを利用することで、広範なドライバー候補者にアクセスし、質の高いドライバー人材を確保することが期待できます。ドラEVERをはじめとするドライバー専門の求人サイトは、企業とドライバー候補者とのマッチングを助け、採用活動を効率化します。

本記事を通じて、ドライバー採用の難しさとその解決策について理解し、効果的な採用戦略を策定する一助となれば幸いです。運送業界の人材不足問題は解決が難しいものの、適切な戦略と努力により、より良い未来を切り開くことが可能となります。

勤務地から企業を探す

運営会社

利用規定

個人情報保護法方針

リクルート

検索項目からさがす

掲載企業一覧

採用をご検討中の企業様

企業ログイン

スカウトをする

メディア関係者様

お問い合わせ

代理店募集

© 2015-2025 DORAEVER Co. ltd"
4,hr-force.co.jp,打ち手なしかと思われたトラックドライバー採用。1年間で21名の ...,https://www.hr-force.co.jp/column/interview016,2024/03/11 ... 株式会社 柳川合同様は、関東・関西・九州間の貨物運送や荷物の倉庫保管などを行う総合物流企業です。 人材不足で採用が難しいトラックドライバー採用 ...,"打ち手なしかと思われたトラックドライバー採用。1年間で21名の採用に成功！｜お役立ち情報｜株式会社HR Force × 詳細はこちら 詳細はこちら 詳細はこちら 詳細はこちら ホーム

お役立ち情報

打ち手なしかと思われたトラックドライバー採用。1年間で21名の採用に成功！

株式会社 柳川合同様は、関東・関西・九州間の貨物運送や荷物の倉庫保管などを行う総合物流企業です。 人材不足で採用が難しいトラックドライバー採用において、「毎月平均20名の応募獲得」「応募者年齢は平均35.7歳」と採用に成功されています。 採用成功に至るまでの取り組みを人事部責任者の辻登施大様にお話をお伺いました。

Recruiting Cloud

物流・交通

成功事例

ドライバー

Recruiting Cloud（リクルーティングクラウド） 導入成功ストーリー vol. 16

株式会社 柳川合同様会社設立年 ： 2015年 5月12日本社 ： 福岡県柳川市西浜武475-2事業内容 ： 一般貨物自動車運送事業 ・ 第一種貨物利用運送事業 ・ &nbsp; &nbsp;第二種貨物利用運送事業 ・ 倉庫業 ・ 貨物梱包及びそれに付随する業務従業員数 ： 399名 ※グループ計 2023年時点企業サイト&nbsp; ： https://ygu.co.jp/採用職種 ： トラックドライバー ・ 総合職雇用形態 ： 正社員

採用のお悩み： 求人検索エンジンを活用するも応募数が減少、どう改善すればよいかわからない

――辻様の普段の業務について教えてください。

グループ会社である株式会社 関東柳川合同運送の代表取締役を行いながら、採用の方針策定、求人サイトの選定、面接の立ち合いなど幅広い人事業務を行っています。また、弊社は事業所が複数あるため、役員は各事業所の人事責任者と共に、毎月必要な採用人数やその役職などの調整を行っています。

――これまでどのような採用手法をご活用されていましたか？

以前に複数の求人サイト、ドライバー専門求人サイト、チラシなど様々な採用手法を活用してきましたが、あまり応募数が集まりませんでした。直近では、求人検索エンジンを直接契約し活用していました。

――リクルーティングクラウド導入前はどのような課題がありましたか？

応募数が少ないことが課題でした。求人検索エンジンを活用しはじめて半年ほどは順調に応募がありましたが、徐々に応募数が減っていき、費用対効果が合わなくなってきました。改善策として、求人検索エンジンの担当者から「こういうキーワードを入れた方がいい」などアドバイスを頂くこともありましたが、実際にどのように求人原稿を修正すればよいのかわからず、打ち手がないように感じていました。

導入の決め手： AIが最も応募が集まる場所に求人掲載してくれる

――リクルーティングクラウドを導入された決め手を教えてください。

取引先からの紹介がきっかけでリクルーティングクラウドを知りました。150以上の求人サイトや求人検索エンジンの中から、AIが最も応募獲得が見込める場所に求人を掲載してくれるため、これまでよりも応募数の増加が見込めそうだと導入を決めました。既にリクルーティングクラウドを導入している他社の社長様から「成果が出た」と聞いたことも、安心感があり、導入の後押しになりました。

導入後の成果： 毎月平均20名の応募獲得、応募者の平均年齢は35.7歳

人材不足で採用が難しいといわれているドライバーですが、なかなか応募が来ない状態から、毎月安定し平均20名応募、多い月では30名応募も獲得できるようになりました。リクルーティングクラウドを活用し始めた昨年1月から21名が入社していますが、平均年齢が35.7歳と若いことも非常に印象的です。また、複数のエリアで募集をしていますが、充足状況に応じてエリアごとに予算の傾斜を掛けられるため、広告費の無駄が抑えられています。

応募後の取り組み： 応募者からの期待に応えたい

――応募後に意識されていることはありますか？

これまで活用していた他の採用手法では、連絡が繋がらない方や面接辞退が多かったのですが、リクルーティングクラウドからの応募者は、今後大型免許を取得したい方など、やる気のある方が多い印象があります。だからこそ、私たちも「応募者からの期待に応えたい」とこれまで以上に強く感じています。具体的な取り組みとしては、応募がきた後や面接後の合否連絡など、応募者への連絡スピードを重要視しています。例えば、面接後は社長や責任者を含め、合否判断を可能な限り同日中に行うようにしていたり、内定後も、入社までに複数回の面談を行いコミュニケーションをしっかりとるようにしています。また、中途社員の働く環境への取り組みも積極的におこなっています。中途社員の離職理由の一つに、同期社員のような気軽に頼れる社員を作りにくいことが考えられます。そのため弊社では、3ヵ月に1度、中途採用社員の入社式を行い、入社時期が近い社員同士が交流を持てるような機会を作っています。

今後の展望： よりドライバーや社員に寄り添う会社へと進化させる

――採用における今後の展望を教えて下さい。

世の中では物流業界の2024年問題と大きく取り上げられていますが、弊社では「2024年は問題が起こる年ではなく、チャンスとなる年だ」と考えています。中途入社した社員からは「前職では労働時間を守っておらず、寝る時間も取れなかった」という声を聞くことも多いですが、弊社では、これまでもしっかりと法令を守り、労働時間に対して取り組んできています。これらの取り組みを続けてきた結果、会社の評判が口コミから広がっていき、求職者も安心して応募してくれているのだなと感じています。今後、採用はもちろん、入社後の教育や人事制度など様々な側面から、さらに社員に寄り添う会社にしていきたいと考えています。

――インタビューにご参加くださった、株式会社柳川合同 辻様、石原様、森様、荒巻様お話をお聞かせ頂きありがとうございました！

関連記事

Recruiting Cloud

物流・交通

成功事例

ドライバー

[初の費用をかけた採用] 18日間で約20件応募！多忙な担当者が証明した大型ドライバーの採用成功の秘訣

Recruiting Cloud

物流・交通

ドライバー

[ドライバー採用費が最大1/3に] 新潟輸送の採用成功の秘訣、定着まで見据えた「ハード・ソフト面」2つの戦略とは

Recruiting Cloud

物流・交通

成功事例

ドライバー

導入後、1ヵ月で4人のドライバー採用に成功！スピード採用を成功させた工夫とは

Back Page Top -->"
5,fukuhara-gyosei.com,なぜドライバー採用は難しい？その理由と解決策を徹底解説 | 日常の ...,https://fukuhara-gyosei.com/column/20241001-1700/,2024/10/01 ... ドライバーの労働環境は厳しく、長時間労働や単調な作業が大きな問題となっています。このため、求人に応募してきた求職者が実際に働き続けることが難しい ...,"運送業経営経験を有しています なぜドライバー採用は難しい？その理由と解決策を徹底解説 query_builder 2024/10/01 コラム はじめに 近年、運送業界ではドライバー採用が非常に難しい状況が続いています。この難しさはドライバー求人の有効求人倍率が全産業平均の約2倍に達していることからも明らかです。ドライバーは物流業界において不可欠な存在であり、その不足が運送企業の経営に深刻な影響を与えることが懸念されています。 特に、この問題は「2024年問題」や2025年の「2025年問題」といった労働規制・高齢化問題の進行によって一層深刻化する可能性があります。このため、採用成功のための戦略や秘訣を見つけることが求められています。 本記事では、ドライバー採用が難しい理由を徹底的に解説し、運送業界の求人成功のための具体的な解決策を示します。ドライバー採用の秘訣を知ることで、物流業界における人手不足の問題に対処し、事業の安定を図ることができるでしょう。 ドライバー採用の現状と課題 1-1. 有効求人倍率の高さ 近年、運送業界におけるドライバーの有効求人倍率は非常に高い状態が続いています。2024年2月のデータでは、ドライバーの有効求人倍率は2.76倍に達しており、全産業平均の1.26倍を大きく上回っています。この高倍率は、物流業界全体におけるドライバーの不足が深刻であることを如実に示しています。求人を出しても応募が少なく、採用までの道のりが険しい現状が続いています。 1-2. 労働環境の厳しさ ドライバーの労働環境は厳しく、長時間労働や単調な作業が大きな問題となっています。このため、求人に応募してきた求職者が実際に働き続けることが難しい場合が多いです。また、女性の働き手を獲得することも難しく、労働力の多様化が進んでいません。さらに、2024年から適用された時間外労働の上限規制が、この問題を一層難しくする可能性があります。 1-3. 給与の競争 ドライバーの給与水準は、他の職種と比べると魅力的でないことが多いため、優れた人材を集めるのが難しくなっています。専門性や責任の重さに対して、給与が見合っていないと感じる求職者が多く、それが採用の難しさに拍車をかけています。 1-4. 労働時間と休日の問題 ドライバー職では長時間労働が常態化しており、休日の確保も困難な状況にあります。この労働環境が、求職者の中でのドライバー職の人気を低下させており、結果として人手不足が深刻化しています。プライベートの充実を求める求職者が増えている現在、このような労働条件が敬遠される要因となっています。企業が長時間労働や休日確保の課題を改善しなければ、ドライバー職の魅力を高めることはできないでしょう。 なぜドライバー採用は難しいのか 2-1. 求めるスキルと経験の不一致 ドライバー採用が難しい理由の一つには、企業が求めるスキルと経験の不一致があります。多くの運送業界企業は即戦力となる経験豊富なドライバーを求めています。しかし、求職者は未経験者が多く、必要なスキルを持たない場合が多いです。特に新卒や若年層は運転手としての経験が少なく、企業側が求める基準に達しないため、採用に至るケースが少ないです。また、運送業界特有の知識が必要な場合もあり、これが更にハードルを上げています。 2-2. 物流2024年問題 もう一つの大きな要因は「物流2024年問題」です。2024年4月から、トラックドライバーの時間外労働が年間960時間までに制限される新しい規制が適用されました。この規制により、企業はより多くのドライバーを確保しなければならなくなります。現状でもドライバー求人は高倍率で、ドライバー採用は容易ではありません。労働時間の制約が新たに加わることで、人手不足は更に深刻になると予測されています。 ドライバー採用を成功させるための解決策 3-1. 効果的な求人情報の作成 ドライバー採用を成功させるためには、まず効果的な求人情報の作成が必要です。求人情報には、給与や勤務条件、仕事内容、応募資格など具体的な情報をしっかりと記載しましょう。特に給与や休日、福利厚生などの詳細を明確にすることは、応募者にとって大きな魅力となります。また、求職者が関心を持ちやすいように分かりやすく、見やすいフォーマットで求人票を作成することが重要です。 3-2. 給与や福利厚生の透明性 給与や福利厚生の透明性も、ドライバー採用を成功させるための重要な要素です。応募者は、給与や福利厚生が明確である企業に対して高い関心を示します。特に、給与水準が低く、労働環境が厳しいという現状を踏まえ、より魅力的な条件を提示することが求められます。賞与やインセンティブ制度、健康保険や退職金制度などについても具体的な情報を提供することで、求職者の安心感を高められます。 3-3. 未経験者をターゲットにする ドライバー採用の枠を広げるためには、未経験者をターゲットにすることも効果的です。未経験者に対しては、充実した研修制度を提供し、運転手としてのスキルを獲得させることが重要です。また、未経験者が安心して働ける環境を整えるために、サポート体制を強化しましょう。これにより、未経験者でも安心して応募しやすくなります。 3-4. アフターフォローの強化 採用後のアフターフォローも忘れてはいけません。新人ドライバーが長期間働き続けるためには、企業側のサポートが重要です。定期的な面談を行い、職場での悩みや困りごとを聞くことで、早期退職を防ぐことができます。また、キャリアアップの機会や、スキル向上のための研修制度を設けることも大切です。これにより、従業員のモチベーションを維持し、働き続ける意欲を高められます。 3-5. ITの活用 最後に、ITの活用もドライバー採用成功の鍵です。例えば、オンライン面接を導入することで、求職者は場所を選ばずに応募が可能となり、採用プロセスが効率化されます。また、求人管理システムの導入により、求人情報の整理や応募者の情報管理が容易になります。さらに、SNSや求人サイトを活用して広範囲に求人情報を発信することも有効です。IT技術を効果的に活用することで、採用活動の効率化が図れます。 成功事例の紹介 ドライバー採用が難しいとされる中でも、いくつかの物流企業は見事にこの課題を克服し、成功を収めています。以下に、実際の成功事例を紹介します。 ある大手物流企業では、効果的な求人情報の作成を重視しました。この企業は、ドライバー求人において給与や福利厚生の透明性を提供し、具体的な仕事内容や勤務条件を明確に記載しました。その結果、応募者の質が向上し、採用成功率が大幅にアップしました。また、求人情報にはドライバーの働きやすさへの配慮をアピールし、特に長時間労働や休日の確保について詳細な説明を加えたことが、求職者にとって大きな安心材料となりました。 他の成功事例としては、IT活用による効率化が挙げられます。ある物流企業は、運行管理システムの導入とデジタルデバイスを取り入れて業務の効率化を図り、ドライバーの負担を軽減しました。この取り組みにより、従業員満足度が向上し、離職率の低下につながりました。また、ITの活用でルート最適化が実現し、労働時間の削減も果たしました。 さらに、未経験者をターゲットにした会社も成功を収めています。この企業は求人票で「未経験者歓迎」を大々的に打ち出し、初心者向けの研修プログラムを充実させました。その結果、新たな人材を多数確保し、ドライバーの人手不足問題を解消することに成功しました。特に女性やシニア層の採用が増加し、働き方の多様化が進むことで、組織全体の柔軟性も向上しました。 これら成功事例から学ぶべきポイントは、効果的な求人情報の作成、ITの活用、未経験者の受け入れ姿勢、そして福利厚生の充実などです。それらを組み合わせて運送業界のドライバー採用を進めることで、人手不足の問題を解決し、事業を安定させる道が開けるでしょう。 まとめ ドライバー採用は、多くの企業にとって避けて通れない課題です。運送業界全体で人手不足が深刻化しており、特にドライバーの有効求人倍率が全産業平均を大きく上回る高水準を維持しています。この現状では、ドライバー採用に成功するためには、効果的な求人情報の作成や給与・福利厚生の透明性を高める必要があります。また、未経験者を積極的にターゲットにしたり、ITの活用を進めることも有効な手段です。 特に、2024年問題や高齢化問題など、今後も新たな課題が発生する可能性があります。そのため、変化する労働環境に対応した柔軟な採用戦略が求められます。具体的な成功事例を参考にすることで、自社の採用活動もさらに効果的になるでしょう。 最終的には、ドライバー採用を成功させるためには、現状の課題を正確に理解し、対策を講じることが不可欠です。この取り組みが、運送業界全体の発展に寄与するものと信じています。企業は引き続き、適切な対策を講じつつ、未来の物流業界を支える人材の獲得に努めていくことが重要です。 水戸の行政書士は行政書士福原総合事務所 お問い合わせ サービス 一覧に戻る NEW トラック・物流Gメン集中監視月間で何が変わるのか？ query_builder 2025/09/30

物流改革の真実：省令公布が私たちに与える影響と展望 query_builder 2025/09/01

大型トラック事故から学ぶ命を守る5つの教訓 query_builder 2025/07/23

現場の声を反映！国交省調査が明かす「標準的運賃」の実態 query_builder 2025/07/23

職場での熱中症ゼロを目指して！改正労働安全衛生規則のポイント解説 query_builder 2025/06/13

CATEGORY

コラム

ARCHIVE

2025/092

2025/072

2025/062

2025/042

2025/034

2025/021

2025/014

2024/1212

2024/114

2024/1015

2024/091

2022/111

2022/051

2022/031

2021/121

2021/111

2021/091

2021/081

2021/071

2021/0621

2021/0514

2021/031

2021/011

2020/122

2020/116

029-291-6022029-291-6022 9:00~18:00 お問い合わせはこちら

monetization_onスマホ決済

スマホ決済がご利用頂けます。ご希望の決済方法をお選びください。

キャッシュレス決済がご利用頂けます。お支払い方法は各サービスのご利用方法に準じます。※ご新規で電子決済サービスをご希望の方はアプリケーションストアよりダウンロードしてください。"
6,stock-sun.com,ドライバー採用が難しい5つの理由｜採用成功のポイントと定着率 ...,https://stock-sun.com/column/driver-recruitment-is-difficult/,2025/10/28 ... ドライバー採用が難しい5つの理由 · 勤務時間が長い印象があるため · 給与や待遇面の競争が激化しているため · 少子高齢化により働き手が不足しているため.,"プロに無料相談をする コンサルタント紹介 TOP 採用コンサルティング ドライバー採用が難しい5つの理由｜採用成功のポイントと定着率アップのコツを解説 ドライバー採用が難しい5つの理由｜採用成功のポイントと定着率アップのコツを解説 採用 更新日 2025/10/28 この記事の著者 宮地陸 宮地陸 採用のスペシャリスト 東京大学法学部を卒業後、リクルートのリクナビ事業部で新人最速表彰を獲得。独立後は、StockSunに参画し 「月10万円からの採用代行 トルトルくん」 を立ち上げ、媒体運用・スカウト・採用SNS・エージェント まで “13の採用手法” をワンストップで代行するコンサルタントとして活動。現在は100以上の企業の採用を並走する、StockSunNo.1の採用チームを持つ。 もっと見る 詳しく見る 無料相談をする --> 「ドライバーの求人を出しても、応募が全く集まらない」「せっかく採用できても、若手人材の離職が多くて定着率が低い」多くの運送・物流企業の採用担当者が、このような深刻な悩みを抱えているのではないでしょうか。「2024年問題」に象徴される労働環境の変化や、業界特有のイメージ、そしてEC市場の拡大に伴う需要の増加など、ドライバーの採用はますます困難になっています。本記事では、ドライバー採用が難しい根本的な理由を深掘りし、その上で採用を成功させるための具体的なポイントや最新の採用手法を詳しく解説します。また、今すぐ採用業務を依頼したい方は「トルトルくん」がおすすめです。月額10万円から依頼できる

複数のソリューションから最もコスパの良い手法を提案

数百社の支援実績から貴社の同業他社で成功した事例をご案内

現在無料相談実施中です。問い合わせは簡単30秒で終了。今すぐ採用の悩みを解決しましょう！

＼月額10万円〜まるっとサポート／

この記事の著者

宮地陸

宮地陸

採用のスペシャリスト

東京大学法学部を卒業後、リクルートのリクナビ事業部で新人最速表彰を獲得。独立後は、StockSunに参画し 「月10万円からの採用代行 トルトルくん」 を立ち上げ、媒体運用・スカウト・採用SNS・エージェント まで “13の採用手法” をワンストップで代行するコンサルタントとして活動。現在は100以上の企業の採用を並走する、StockSunNo.1の採用チームを持つ。

-->目次

1 ドライバー採用が難しい5つの理由1.1 勤務時間が長い印象があるため

1.2 給与や待遇面の競争が激化しているため

1.3 少子高齢化により働き手が不足しているため

1.4 仕事に対する価値観が変化しているため

1.5 求めるスキルと応募者層にミスマッチがあるため

2 ドライバー採用を成功させるための4つのポイント2.1 労働環境と福利厚生を改善する

2.2 女性や未経験者を対象にした採用体制を整備する

2.3 写真や動画で職場の雰囲気を分かりやすく伝える

2.4 求人原稿の仕事内容や勤務条件を詳細に記載する

3 ドライバー採用後の定着率をアップさせる4つのコツ3.1 教育・研修体制を充実させる

3.2 1日体験入社や同行研修を導入する

3.3 従業員同士のコミュニケーションを促進する

3.4 キャリアアップの仕組みを整える

4 ドライバー採用で活用できる求人媒体の5つの種類4.1 ドライバー専門の求人サイト

4.2 総合求人サイト

4.3 求人検索エンジン

4.4 人材紹介・派遣サービス

4.5 ハローワーク

5 ドライバー採用が難しいときは採用代行が便利な理由

6 ドライバーの採用にお悩みなら「トルトルくん」がおすすめ！

ドライバー採用が難しい5つの理由

多くの企業がドライバーの採用に苦戦しています。その背景には、社会構造の変化や業界特有の課題が複雑に絡み合っています。

ドライバー採用が難しい主な5つの理由を以下にまとめました。

勤務時間が長い印象があるため

給与や待遇面の競争が激化しているため

少子高齢化により働き手が不足しているため

仕事に対する価値観が変化しているため

求めるスキルと応募者にミスマッチがあるため

これらの理由を1つずつ見ていきましょう。

勤務時間が長い印象があるため

ドライバーの仕事は、長距離運転や深夜勤務も多く「長時間労働で大変そう」というイメージを持たれやすいのが現状です。

実際に、他の産業に比べて拘束時間が長い傾向にあり、ワークライフバランスを重視する近年の求職者からは敬遠されがちです。

働き方改革の一環である「2024年問題」により、時間外労働の上限規制が適用され、労働時間の是正が求められています。

しかし、運送業界全体で労働環境の改善が追いついていない実情も、ドライバー採用を難しくしている一因です。

給与や待遇面の競争が激化しているため

EC市場の拡大などを背景にドライバーの需要は高まり続けており、企業間での人材獲得競争が給与や待遇面で激化しています。

特に、大手物流企業は高い給与水準や充実した福利厚生を提示できるため、中小企業は人材確保において不利な状況に立たされやすいです。

近年の求職者は、単純な給与額だけでなく、休日制度や各種手当、キャリアパスなどの総合的な待遇を重視する傾向にあるため、企業は魅力の打ち出し方を多角化する必要があります。

少子高齢化により働き手が不足しているため

日本社会全体の課題である少子高齢化は、労働集約型である運送業界に深刻な影響を及ぼしています。

総務省の発表によると、日本の生産年齢人口は長期的に減少し続けており、ドライバーのなり手も例外ではありません。

これまで業界を支えてきた中高年層のドライバーが次々と退職していく一方で、若年層の新規参入は進んでいない状況です。

普通免許で運転できるトラックのサイズが変更された免許制度の改正も、若者の応募減少の一因と考えられています。

参考：我が国の人口について｜厚生労働省

仕事に対する価値観が変化しているため

現代の働き手、特に若年層を中心に、仕事に対する価値観は大きく変化しています。

終身雇用を前提とした安定志向よりも、個人の裁量や成長、自由な働き方を求める傾向が強まっています。

「組織に縛られ、時間に拘束される働き方」というイメージを持たれがちなドライバーという職業が、選択肢から外れてしまうケースも少なくありません。

社会全体の働き方の変化に、物流業界の魅力発信が追いついていない現状がドライバー採用を難しくする原因の1つです。

求めるスキルと応募者層にミスマッチがあるため

企業が求める運転経験や保有資格（大型免許、フォークリフトなど）と、実際の応募者が持つスキルとの間にミスマッチが生じていることも、採用を難しくする要因です。

多くの企業は、教育コストや安全面の観点から即戦力となる経験豊富なドライバーを採用したいと考えがちです。

しかし、即戦力になり得る人材は市場に少なく、競争も激しいため、結果として求める要件を満たす応募者が集まりにくくなります。

ドライバー採用では、未経験者を受け入れる体制が十分に整っていないと、自ら応募の間口を狭めてしまうことになります。

また、今すぐ採用業務を依頼したい方は「トルトルくん」がおすすめです。

月額10万円から依頼できる

複数のソリューションから最もコスパの良い手法を提案

数百社の支援実績から貴社の同業他社で成功した事例をご案内

現在無料相談実施中です。問い合わせは簡単30秒で終了。今すぐ採用の悩みを解決しましょう！

＼月額10万円〜まるっとサポート／

ドライバー採用を成功させるための4つのポイント

ドライバー採用が難しい状況を乗り越え、自社に合った人材を確保するためには、どのような対策を講じれば良いのでしょうか。ここでは、明日から実践できる4つのポイントを紹介します。

労働環境と福利厚生を改善する

女性や未経験者を対象にした採用体制を整備する

写真や動画で職場の雰囲気を分かりやすく伝える

求人原稿の仕事内容や勤務条件を詳細に記載する

これらのポイントを1つずつ丁寧に取り組むことが、採用成功への近道です。

労働環境と福利厚生を改善する

求職者から選ばれる企業になるためには、まず働きやすい環境を整えることが欠かせません。

拘束時間の短縮や、希望休が取りやすいシフト制度の導入など、労働環境の具体的な見直しが求められます。

また、定期健康診断の充実や安全教育の徹底など、ドライバーが心身ともに安心して働ける取り組みも重要です。

さらに、住宅手当や家族手当などの福利厚生を充実させることは、他社との差別化につながり、応募率の向上だけでなく、入社後の定着率アップにも効果が期待できます。

女性や未経験者を対象にした採用体制を整備する

ドライバーは男性の仕事というイメージが根強いですが、女性が働きやすい職場環境の整備により、新たな採用ターゲット層からの応募増加につながります。

例えば、更衣室やトイレなどの設備を整えたり、柔軟な勤務時間制度を導入したりするなどの対策が有効です。

また、未経験者に対しては、免許取得支援制度や、ベテランドライバーが丁寧に指導する研修制度を設けることで、応募への心理的なハードルを下げられます。

多様な働き方を受け入れる姿勢を明確に打ち出すことが、人材確保のポイントです。

写真や動画で職場の雰囲気を分かりやすく伝える

求職者が抱く「どんな環境で働くのだろう」という不安を払拭するために、写真や動画を活用して、職場のリアルな雰囲気の可視化が重要です。

実際に働くドライバーの姿や、オフィスの様子、休憩室などの写真を求人票や採用サイトに掲載するだけで、応募者は働くイメージを持ちやすくなります。

若手社員や女性ドライバーのインタビュー動画などを活用すれば、企業への信頼性や求人の訴求力をさらに高めることもでき、応募後のミスマッチ防止や応募率の向上につながります。

求人原稿の仕事内容や勤務条件を詳細に記載する

求人原稿に記載する仕事内容や勤務条件は、応募者が最も知りたい情報です。

曖昧な表現を避け、具体的な記載の徹底で、応募者の不安や誤解を減らせます。「ルート配送」「長距離輸送」などの業務内容はもちろん、「1日のスケジュール例」や「運転する車種」「扱う荷物」なども詳細な記載が必要です。

また、給与体系や休日制度について、以下の項目を明確にしましょう。

モデル年収

手当の内訳

有給休暇の取得実績

具体的な記載により企業の透明性を示し、求職者からの信頼感を高められます。

また、今すぐ採用業務を依頼したい方は「トルトルくん」がおすすめです。

月額10万円から依頼できる

複数のソリューションから最もコスパの良い手法を提案

数百社の支援実績から貴社の同業他社で成功した事例をご案内

現在無料相談実施中です。問い合わせは簡単30秒で終了。今すぐ採用の悩みを解決しましょう！

＼月額10万円〜まるっとサポート／

ドライバー採用後の定着率をアップさせる4つのコツ

せっかく採用した人材に長く活躍してもらうためには、入社後の取り組みが非常に重要です。ここでは、定着率をアップさせるための4つのコツを紹介します。

教育・研修体制を充実させる

1日体験入社や同行研修を導入する

従業員同士のコミュニケーションを促進する

キャリアアップの仕組みを整える

これらの仕組みを整え、「働き続けたい」と思える会社を目指しましょう。

教育・研修体制を充実させる

特に未経験者や経験の浅いドライバーが安心して業務を始められるよう、体系的な教育・研修体制の整備が欠かせません。

安全運転に関する座学研修はもちろん、ベテランドライバーがマンツーマンで指導するOJT（On-the-Job Training）を通じて、実践的な運転技術や荷扱いのスキルを効率的に習得できる環境を提供しましょう。

OJTとは、実際の業務を通じて、必要な知識やスキルを習得させる人材育成手法です。充実した教育体制は、新入社員の不安を解消し、早期離職の防止に直結します。

新人ドライバーや未経験者が安心して働ける環境、スキルを伸ばせる環境を整えることで、定着率アップだけでなく、企業イメージの向上も期待できます。

1日体験入社や同行研修を導入する

入社前に、実際の業務内容や職場の雰囲気を理解できる機会の提供は、入社後の「思っていた仕事と違った」というミスマッチを防ぐ上で有効です。

選考の段階で「1日体験入社」や「先輩ドライバーのトラックへの同行研修」などのプログラムの導入で、求職者は仕事の厳しさも楽しさもリアルに体感でき、入社意欲の向上につながります。

企業側にとっても、候補者の適性をより深く見極める機会となり、結果として入社後の定着率を高めることにも効果的です。

従業員同士のコミュニケーションを促進する

一人で運転することが多いドライバーは、職場内で孤立感を抱えやすい傾向にあります。

従業員同士のチーム意識を高め、働きやすい職場風土を形成することが、離職防止につながります。

定期的な社内イベントや懇親会を開催したり、情報共有ツールを導入したりして、ドライバー同士が気軽に交流できる機会を作りましょう。

また、上司との定期的な面談の場を設け、日々の業務の悩みやキャリアに関する相談に乗り、問題を早期に発見して解決できる体制を整えることも重要です。

キャリアアップの仕組みを整える

目の前の仕事をこなすだけでなく、将来の目標を持って働き続けられるよう、明確なキャリアパスの提示が大切です。

例えば、ドライバーとしての経験を積んだ後、チームをまとめるリーダーや、新人を指導する教育担当、あるいは配車管理などの内勤職へステップアップできる道筋を示すことで、仕事へのモチベーションを高められます。

努力や成果が正当に評価され、昇進や昇給につながる評価制度を明確に整備することも、長期的なキャリア形成を支援し、定着率の向上に期待できます。

また、今すぐ採用業務を依頼したい方は「トルトルくん」がおすすめです。

月額10万円から依頼できる

複数のソリューションから最もコスパの良い手法を提案

数百社の支援実績から貴社の同業他社で成功した事例をご案内

現在無料相談実施中です。問い合わせは簡単30秒で終了。今すぐ採用の悩みを解決しましょう！

＼月額10万円〜まるっとサポート／

ドライバー採用で活用できる求人媒体の5つの種類

ドライバーを採用するためには、ターゲットとなる求職者に自社の求人情報を届ける必要があります。ここでは、活用できる5つの求人媒体の種類を紹介します。

ドライバー専門の求人サイト

総合求人サイト

求人検索エンジン

人材紹介・派遣サービス

ハローワーク

それぞれの特徴を理解し、自社の採用戦略に合わせて使い分けましょう。

ドライバー専門の求人サイト

「ドラEVER」をはじめとする、ドライバーの仕事に特化した求人サイトは、採用ターゲットに直接アプローチできる効率的な媒体の1つです。

ドライバーとしての就職・転職を考えている意欲の高いユーザーが集まっているため、即戦力となる人材からの応募が期待できます。

また、必要な運転免許の種類や、運転する車種、運ぶ荷物の種類などで求人を細分化して掲載できるため、企業と求職者の双方にとってミスマッチが起こりにくいといったメリットがあります。

総合求人サイト

「doda」をはじめとする総合求人サイトは、業種や職種を問わず、幅広い求職者にリーチできる特徴があります。

ドライバー職を専門に探している人だけでなく、他業種からの転職を考えている潜在層にもアプローチできるため、企業の知名度向上にも有効です。多様な掲載プランが用意されており、予算や採用目標に応じて露出度や訴求方法を柔軟に選択できます。

幅広い求職者へのアプローチにより、応募者の増加を狙う際は総合求人サイトがおすすめです。

おすすめの求人サイトについては、こちらの記事も参考にしてください。

関連記事：おすすめの求人サイト比較10選！メリット・デメリットや選び方を解説【2025年最新版】

求人検索エンジン

「求人ボックス」をはじめとする求人検索エンジンは、インターネット上に公開されている様々な求人情報を横断的に検索できるサービスです。

多くの求人検索エンジンは、無料で求人を掲載できる仕組みを取り入れているため、採用コストを抑えながら多くの求職者の目に触れる機会を作れます。

一般的に、求人がクリックされた際に費用が発生する「クリック課金型」のプランが多く、費用対効果を測定しながら効率的な運用がしやすいことも求人検索エンジンの特徴です。

無料で求人掲載できる媒体を詳しく知りたい方は、こちらの記事もご覧ください。

関連記事：無料で求人掲載を行えるおすすめ求人媒体12選！4つの方法や効果を出すポイントも解説

人材紹介・派遣サービス

「ビッグスドライブスタッフ」をはじめとする、ドライバー専門の人材紹介・派遣サービスは、自社の採用要件に合う人材を紹介してもらえるため、ミスマッチを防ぎやすい点が特徴です。

採用担当者の工数を大幅に削減でき、採用スピードの向上にもつながります。即戦力となる経験豊富な人材や、繁忙期だけの短期的な人材を確保したい場合にも適しています。

ハローワーク

ハローワーク（公共職業安定所）は、無料で求人を掲載できる公的なサービスです。

採用コストの負担を完全に抑えられるのが最大のメリットで、特に地域に密着した採用活動に強みを持っています。他の求人媒体との併用によって、人材採用のチャンスを広げられます。

国が運営する機関であるため信頼性が高く、地元で安定して働きたいと考えている求職者からの応募が期待できる採用媒体です。

また、今すぐ採用業務を依頼したい方は「トルトルくん」がおすすめです。

月額10万円から依頼できる

複数のソリューションから最もコスパの良い手法を提案

数百社の支援実績から貴社の同業他社で成功した事例をご案内

現在無料相談実施中です。問い合わせは簡単30秒で終了。今すぐ採用の悩みを解決しましょう！

＼月額10万円〜まるっとサポート／

ドライバー採用が難しいときは採用代行が便利な理由

ドライバー採用が難しいと感じる背景には、労働環境や価値観の変化といった、一企業だけでは解決が難しい大きな問題が関係しています。

自社での採用活動に限界を感じたときは、採用の専門家に業務を委託する「採用代行（RPO）」が便利です。採用活動を専門業者に委託することで、担当者の工数を大幅に削減し、採用活動全体の効率を向上させることが期待できます。

求人原稿の作成から応募者対応、面接調整までを一貫して任せられるため、社内の人的リソースをコア業務に集中させられます。採用ノウハウを持つプロの支援により、自社だけではアプローチできなかった候補者層にリーチするなど、採用効果を最大化できるでしょう。

どの採用代行サービスを選べば良いか分からない、各社の特徴を比較検討したいという方は、こちらの記事でおすすめ採用代行サービスを紹介しています。

関連記事：【2025年最新版】おすすめの採用代行（RPO）サービス48選！特徴を徹底比較してご紹介

また、今すぐ採用業務を依頼したい方は「トルトルくん」がおすすめです。

月額10万円から依頼できる

複数のソリューションから最もコスパの良い手法を提案

数百社の支援実績から貴社の同業他社で成功した事例をご案内

現在無料相談実施中です。問い合わせは簡単30秒で終了。今すぐ採用の悩みを解決しましょう！

＼月額10万円〜まるっとサポート／

ドライバーの採用にお悩みなら「トルトルくん」がおすすめ！

ドライバー採用が難しい背景には、労働環境の変化や働き手一人ひとりの価値観の変化が関係しています。

この厳しい状況を乗り越え、採用を成功させるためには、求人内容を具体的にして仕事の魅力を明確に伝えることと、誰もが働きやすい職場環境を整えることが欠かせません。しかし、日々の業務に追われる中で、これらすべてを自社だけで実行するのは容易ではないでしょう。

そこで、採用代行や専門的なサービスをうまく活用し、効果的かつ計画的に人材確保を目指すことが、現代の採用戦略において重要です。

また、今すぐ採用業務を依頼したい方は「トルトルくん」がおすすめです。

月額10万円から依頼できる

複数のソリューションから最もコスパの良い手法を提案

数百社の支援実績から貴社の同業他社で成功した事例をご案内

現在無料相談実施中です。問い合わせは簡単30秒で終了。今すぐ採用の悩みを解決しましょう！

＼月額10万円〜まるっとサポート／

Webのプロに無料相談

関連記事

お仕事のご依頼・ご相談

各Web領域に精通したコンサルタントに無料でご相談可能です。デジマ支援は「日本一競争が激しいStockSun」にお任せください。

会社資料のダウンロード

まずは社内で検討したい方、情報取集段階の方はご自由にダウンロードください。非常識な営業等はございませんのでご安心ください。

会社情報

情報発信

コンサルティングのご案内

Web集客コンサルティング

事業コンサルティング

キャリア支援

採用情報

StockSunへのご連絡

StockSun株式会社

〒160-0023 東京都新宿区西新宿3丁目7-30 フロンティアグラン西新宿地下1階B102号室

&copy;2025 StockSun Inc."
7,saiyo.employment.en-japan.com,タクシードライバーを採用するには…採用のコツとノウハウを解説 ...,https://saiyo.employment.en-japan.com/blog/taxi-kotsu,2023/02/22 ... そもそも、タクシードライバーの採用って難しいのでしょうか？改めて現状を見てみましょう。 採用難易度を測る指標としてよく使われる指標に「有効求人倍率 ...,""
8,one-group.jp,ドライバー採用ポイント！成功へ導く5つの革新的戦略【2025年最新 ...,https://one-group.jp/humanresource/use/driver_recruitment_points.html,2025/04/21 ... 厚生労働省の「一般職業紹介状況（令和6年12月分及び令和6年分）について」によると、トラックドライバーが属する「運輸・郵便業」の有効求人倍率は2.82倍で ...,"--> × 求人広告代理店事業TOP &gt; お役立ちノウハウ &gt; ドライバー採用ポイント！成功へ導く5つの革新的戦略【2025年最新】ドライバー採用ポイント！成功へ導く5つの革新的戦略【2025年最新】2025/4/21

こんにちは。求人広告代理店・採用代行の「株式会社ONE」です！

ドライバーの採用で「求人広告の効果が薄い」「競合との差別化に苦戦している」とお困りではないでしょうか。

本記事では、ドライバーの採用ポイントを具体的に紹介します。また、求職者の心をつかむ求人原稿の作り方や、離職を防ぐ戦略もお届けします。

「正社員、アルバイト採用で使える！募集原稿・求人原稿制作のコツ」

『今すぐできる！求人広告から応募数を増やすコツ』

目次

【1】ドライバーの採用が難しい理由

1-1.高齢化による人手不足

1-2.若手の定着を妨げる要因

【2】ドライバーの給与と採用コスト

2-1.職種別の平均年収

2-2.地域による給与の違い

【3】ドライバー採用を成功させるための戦略

3-1.採用ターゲットの絞り込み

3-2.魅力的な福利厚生

【4】求職者の心をつかむ求人原稿の作り方

4-1.応募率を上げる見出しの例

【5】離職を防ぐ育成・フォロー体制づくり

5-1.OJT設計法

【6】最新のドライバー採用市場の動向

【7】まとめ

【1】ドライバーの採用が難しい理由

ドライバーの採用が難しい背景には、運送業界の人手不足があります。

厚生労働省の「一般職業紹介状況（令和6年12月分及び令和6年分）について」によると、トラックドライバーが属する「運輸・郵便業」の有効求人倍率は2.82倍でした。これは、全職種平均の1.25倍を大きく上回る結果です。

引用：厚生労働省「一般職業紹介状況（令和6年12月分及び令和6年分）について」

ドライバー不足の理由として、厳しい労働環境や給与水準が挙げられます。

厚生労働省がまとめた資料によると、令和3年の年間労働時間は、大型トラック運転者が2544時間、中小型トラック運転者が2484時間となっています。これは、全産業平均は2112時間だったのに対し、トラックドライバーの労働時間は約1.2倍長いといえます。

また、トラックドライバーの給与は増加傾向にあるものの、全産業平均よりも低いのが現状です。令和3年の年間収入額は、全産業平均が489万円なのに対し、大型トラック運転者が463万円、中小型トラック運転者は431万円となっています。

引用：厚生労働省「統計からみるトラック運転者の仕事」

引用：厚生労働省「統計からみるトラック運転者の仕事」

国土交通省の「トラック運送業における人材確保のためのパンフレット・好事例集について」では、わかりやすくトラックドライバーの重要性が解説されています。

ECの普及などの影響でトラックドライバーの需要が高まっているなか、運送会社は人材確保に取り組む必要に迫られています。

1-1高齢化による人手不足

運送業界では、ドライバーの高齢化が急速に進行しています。さらに若い世代が入らないため、人手不足が大きな問題となっています。

厚生労働省が公表した「統計からみるトラック運転者の仕事」の資料によると、45から59歳までのドライバーが全体の45.3%を占めていると明らかになっています。

一方、29歳以下は10％しかおらず、全産業平均と比較するととくに人材不足が深刻であるとわかるでしょう。

引用：厚生労働省「統計からみるトラック運転者の仕事」

今後、高齢ドライバーの大量退職が見込まれるため、若手の確保が課題となっています。さらに、長時間労働や低賃金といった労働環境が若手の流入を阻んでいます。

1-2若手の定着を妨げる要因

ドライバー採用においては、若手を採用してもすぐに離職するケースが少なくありません。

若手の定着を妨げる要因は、以下の3点です。

労働時間が長い

給与水準が低い

キャリアパスが不明確

全産業平均と比較して、低賃金かつ長時間労働になりやすいドライバーは、ワークライフバランスを重視する若手人材にとって負担となります。ドライバーのキャリアパスが不明確なことも、若手の定着率の低さに拍車をかけているでしょう。

若手ドライバーの定着率を上げるには、法定労働時間の遵守はもちろん、効率的な配車システムの導入などで、労働時間の短縮を図ることが重要です。

また、全職種平均に近い給与水準への引き上げやキャリアパスの提示も有効です。給与水準の引き上げが難しい場合は、福利厚生を充実させるのもよいでしょう。

「受け入れ体制｜定着率向上のための環境づくり」

『採用できる会社は実践している！？～採用ブランディング71のチェックリスト～』

【2】ドライバーの給与と採用コスト

ドライバーの給与は職種や地域によって異なります。

令和3年のトラックドライバーの年間収入額の平均は大型トラック運転者で463万円、中小型トラック運転者で431万円となっています。

対して、株式会社マイナビの調査によって、運輸・交通・物流・倉庫業界の中途採用コストは一人あたり30.5万円と明らかにされています。

中途採用単価の全体平均は38.5万円であるため、8万円低い金額で採用可能です。

引用：厚生労働省「統計からみるトラック運転者の仕事」

引用：株式会社マイナビ「中途採用状況調査2024年版（2023年実績）」

2-1職種別の平均年収

公益社団法人全日本トラック協会が発表した「2023 年度版 トラック運送事業の賃金・労働時間等の実態 （概要版抜粋）」によると、運転者から事務員、荷扱手、整備・技能員までのトラック運送事業全体では、全職種平均年収が約383万円となっています。

ドライバーのなかでは、男性1人1ヵ月平均賃金で高い方から、特積（特別積合せ貨物運送）では大型、けん引、中型、準中型、普通の順に並びます。一般では、けん引、大型、中型、準中型、普通の順です。

特積と一般を合わせた場合の男性の職種別平均賃金は、下表のとおりです。

2-2地域による給与の違い

地域別の給与水準は、地域によって多少の差があります。

公益社団法人全日本トラック協会が発表した「2023 年度版 トラック運送事業の賃金・労働時間等の実態 （概要版抜粋）」によると、運転者のブロック別平均賃金は以下のとおりです。

トラックドライバーの賃金は近畿や中部が高く、沖縄が低い傾向があります。これらの差は、各地の地理的条件や物流需要、産業構造に影響されていると考えられるでしょう。

【3】ドライバー採用を成功させるための戦略

ドライバー採用を成功させるための、2つの戦略を紹介します。

採用ターゲットの絞り込み

魅力的な福利厚生

効果的な施策で、ドライバー採用を成功させましょう。

3-1採用ターゲットの絞り込み

採用ターゲットを絞り込むことで、自社に必要な人材を見つけやすくなります。

昨今の求人市場は、膨大な数の求人情報が掲載されています。そのため、採用ターゲットを明確に定め、その層に確実に響く「刺さる」求人原稿を作成することが重要です。

ターゲットを絞り込まない求人原稿は、どの層にも中途半端な印象を与えかねません。

たとえば、未経験者向けの教育体制と、経験者向けの高度な業務内容を同時にアピールしようとすると、どちらの層にも説得力を欠く結果となってしまいます。

若手・未経験者向けであれば、キャリアパスや研修制度、給与の成長性などをアピールしましょう。一方、経験者向けには、具体的な給与体系や待遇、使用する車両情報などを詳しく伝えます。

ターゲットを明確に絞ることで、より効果的な「刺さる」求人原稿の作成が実現可能です。

3-2魅力的な福利厚生

ドライバーにとって魅力的な福利厚生は、ドライバー採用を成功させるための重要なポイントです。

法定以上の休日制度の導入や長期休暇の取得支援、退職金制度といった待遇面が魅力的だと、ドライバーが定着しやすくなります。

身体的負担がかかりやすいドライバーだからこそ、健康診断や医療費補助といった健康管理支援も欠かせません。ドライバーの健康を守ることが安全運転や労働災害ゼロにつながるため、従業員の健康管理への配慮は重要です。

資格取得支援などでキャリア形成支援をするのも有効でしょう。

これらの施策を取り入れることで、従業員満足度を高められます。

【4】求職者の心をつかむ求人原稿の作り方

効果的な求人原稿を作成するには、求職者の目を引く見出しとわかりやすい文章構成が重要です。

具体的には、「未経験者歓迎」や「年齢不問」といった、求職者にとってメリットとなるキーワードが有効でしょう。

とくに、ドライバー求人で検索されやすい以下のワードを盛り込むことで、求職者に届きやすくなります。

日払い

単発

ルート配送

手積み

手おろし

玉掛け

クレーン

トレーラー

夜勤

これらを自然な範囲で使いつつ、自社の魅力が伝わるように工夫しましょう。

自社の魅力を伝える際は、他社にない強みを探すことがポイントです。たとえば、定着率の高さや女性の働きやすさ、職場の雰囲気の良さなど、他社よりも求職者が魅力だと感じやすい点をアピールします。

自社が採用したいターゲットが、具体的に何に魅力を感じるのかを重視して求人原稿を作成することが大切です。

「正社員、アルバイト採用で使える！募集原稿・求人原稿制作のコツ」

4-1応募率を上げる見出しの例

応募率を上げるためには、求職者が欲しい情報を見やすくするため見出しが重要です。

各見出しの内容は、できるだけ詳細に記載し、求職者が入社後の働き方をイメージできるように工夫しましょう。

応募率を上げる見出しの例として、以下が挙げられます。

職種名

仕事内容

給与額および手当

福利厚生

休日や労働時間

職種名は、求職者が最初に確認する情報であり、続きを読むかどうかを判断するポイントです。「大型冷凍食品配送ドライバー」「4tルート配送ドライバー」など、車種や荷物がわかるようにしましょう。

ドライバーの仕事内容は就業先によって異なるため、求人原稿では走行距離や配送件数、運行スケジュールまで詳しく説明することが重要です。

たとえば「1日の走行距離は100〜150km、配送先2ヶ所程度、車中泊なし」といった具体的な情報を示すと応募しやすくなります。

待遇面は転職するドライバーにとって気になるポイントです。そのため、基本給や福利厚生、各種手当の内訳、経験年数による昇給例を示す必要があります。

さらに、長時間労働で休日が少ないイメージがあるドライバー求人では、休日や労働時間も明記するとよいでしょう。

「効果的な求人広告キャッチコピーの作り方！魅力的なコピーで求職者を惹きつけるコツ」

【5】離職を防ぐ育成・フォロー体制づくり

採用後の育成やフォロー体制の充実は、ドライバーが長く働き続けるために重要です。

ドライバーの育成環境やフォロー体制がないと、「わからないことがあっても聞きにくい」「思っていた職場と違う」と感じやすくなります。これを放置してしまうと、せっかく採用した人材の離職を招きかねません。

採用後は、ドライバーが抱える悩みを早期にキャッチアップし、対処することが望ましいです。

フォロー体制が整っていると、従業員は安心感を持ち、モチベーションを高く保つことができます。

具体的な方法として、定期的な交流会や研修が有効です。交流を通じて同僚との信頼関係を築ければ、職場の雰囲気がよくなり相談しやすい環境が生まれるでしょう。

「受け入れ体制｜定着率向上のための環境づくり」

5-1OJT設計法

実践的なOJTは、以下のステップに沿って設計しましょう。

計画策定

業務量と質を決める

業務遂行

内省支援

たとえば、新人ドライバーには、経験豊富な先輩ドライバーをメンターとしてつけることを計画します。

次に、最初は簡単な業務から始め、徐々に複雑な業務へとステップアップする、段階的な業務配分をおこないましょう。

実務を通して無理なくスキルを習得できたら、メンターや上長による定期的なフィードバックが必要です。業務の進捗状況を確認し、具体的なアドバイスや改善点を提供することで、従業員が自己の成長を感じやすくなります。

OJTの導入は、採用したドライバーの早期戦力化や、ミスマッチによる離職リスクの軽減につながります。

【6】最新のドライバー採用市場の動向

2024年以降のドライバー採用市場は、大きな転換期を迎えています。人手不足の深刻化で採用難が続くと予想されるドライバー採用では、最新の市場動向をふまえた採用活動が欠かせません。

近年はデジタル技術の発達により、オンライン面談やSNS採用を導入する企業が増えています。さらに、新型コロナウイルス感染症の感染予防や働き方改革の影響で、リモートワークや副業・兼業を認める企業も増加傾向にあります。

これからの採用活動は、働く側のライフワークバランスに配慮し、多様な働き方に対応する採用形態が必要です。

【7】まとめ

ドライバーの採用難は運送業界の大きな課題ですが、適切な戦略により乗り越えられます。

採用ターゲットの絞り込みや魅力的な福利厚生と求人原稿の作成、離職を防ぐフォロー体制の整備などが、採用を成功させるポイントです。

さらに、最新の採用市場の動向を踏まえた対策も欠かせません。これらの戦略を着実に実行することで、自社とマッチするドライバー採用が実現するでしょう。

「正社員、アルバイト採用で使える！募集原稿・求人原稿制作のコツ」

「受け入れ体制｜定着率向上のための環境づくり」

『今すぐできる！求人広告から応募数を増やすコツ』

監修・執筆：ONEライターチーム

こんにちは、ONEライターチームです。私たちは人事・採用に携わる担当者様向けに様々なお役に立ち情報を発信しています。

ONEライターチームの記事一覧を見る

関連ページ

採用手法16選と最新トレンドを紹介！選び方や求人募集のコツも解説 採用手法16選と最新トレンドを紹介！選び方や求人募集のコツも解説

応募が来ない原因と対策求人募集しているのに応募が来ない3つの原因と対策

その他、今日から使える採用ノウハウやあらゆるお悩みが解決できるコンテンツをご用意しています。ぜひご参考にしていただければと思います。

よく読まれているページ

中途採用

【主要７サイト】求人媒体・採用メディア比較！

求人媒体・採用メディア比較【主要7サイト】／マイナビ転職・女の転職type・doda・エン転職など

面接・採用

【面接官必見】採用面接の質問集50選！聞くことリストもご紹介

採用面接の質問集50選！聞くことリストもご紹介【面接官必見】

Instagram採用

【事例16選】解説付き！Instagram採用の成功事例

【事例16選】解説付き！Instagram採用の成功事例

この記事をシェア

この記事をツイート

この記事をシェア

この記事をはてなブック"
9,doraducts.jp,なぜドライバー採用は難しいのか？よくある3つの課題と解決策7つ ...,https://doraducts.jp/column/004/,2024/01/05 ... 国土交通省の調査によると、ドライバーの主な離職理由として挙げられているのは「給与・報酬が少ない」「過酷な労働環境（体力的にきつい、仕事量・残業が ...,"なぜドライバー採用は難しいのか？よくある3つの課題と解決策7つを徹底解説 - ドラピタコンテンツにスキップコラムホーム » コラム » なぜドライバー採用は難しいのか？よくある3つの課題と解決策7つを徹底解説なぜドライバー採用は難しいのか？よくある3つの課題と解決策7つを徹底解説2024年1月5日

[last_modified]

近年の運送業・ドライバー業界は、日本の労働人口の減少や2024年問題などにより、ドライバーの減少が叫ばれています。事実として、下記のようにドライバーの数は平成27年を境に減少を続けています。

&nbsp;

※ドライバー不足の原因については「ドライバー不足の原因とは？｜効果的な対策と2024年問題についても解説」で詳しく解説しています。

&nbsp;

【道路貨物運送業における自動車運転従事者数の推移】

出典：「ホワイト物流」推進運動について｜「ホワイト物流」推進運動

&nbsp;

このような状況下のため、ドライバーの採用に危機感を抱いている運送業の経営者や人事の方も多いのではないでしょうか。

&nbsp;

そこで、本記事では「ドライバー採用でおすすめの求人媒体」や「ドライバー採用でよく発生する3つの課題・7つの解決策」などについて解説していきます。

&nbsp;

本記事を参考に、ドライバー採用に関する課題の解決策を検討してみてください。

ドライバー採用に関する基本情報

ドライバー採用に関する基本情報とは、具体的に下記の2つのことです。

&nbsp;

ドライバーの採用単価について

ドライバーの採用前に必ず確認することについて

&nbsp;

まずはこの2つの基本情報について、下記で解説していきます。

ドライバーの採用単価は10万円～30万円程度が一般的

当社（株式会社オーサムエージェント）が独自におこなった調査によると、ドライバーの採用単価（一人あたりの採用コスト）が「10～20万円」の企業が37.9％、「20〜30万円」の企業が22.7％という結果でした。

&nbsp;

【ドライバーの採用単価に関する調査結果】

出典：運送業の92.4％が2024年問題によるドライバー不足を懸念。運送業界のドライバー不足に関する企業調査を実施。｜PR TIMES

&nbsp;

つまり、ドライバーの採用単価が10万円～30万円という企業が約60%であることが分かります。

&nbsp;

ドライバーの採用単価が高くなっている理由などについては「ドライバーの採用単価の相場は？高い理由と採用コストを抑える方法も解説」で解説していますので、あわせてご覧ください。

ドライバーの採用前に必ず確認しておくべきこと

ドライバーの採用前に必ず確認しておくべきこととして、以下の3つが挙げられます。

&nbsp;

【ドライバー採用前の確認事項】

事故・違反歴の有無

健康状態

前職からの退職理由

&nbsp;

社員の事故や違反は企業の信頼性に影響を与えるため、採用の段階で候補者の過去の事故・違反歴をチェックすることが必要です。具体的には「運転記録証明書」を取得することで確認できます。

&nbsp;

また、企業としては社員の安全と健康に対する責任があるため、候補者の健康状態の確認は欠かせません。健康診断書の提出を求めるようにしましょう。

&nbsp;

さらに、候補者の前職での退職理由も確認しておくべき点です。素行不良などが理由であった場合、将来的なトラブルのリスクが考えられるためです。確認に際しては、口頭でのやりとりは誤解を招く恐れがあるため、書面での確認が推奨されます。

ドライバーを採用できる7つの求人媒体とそれぞれの特徴

ここからは、ドライバーを採用できる求人媒体とそれぞれの媒体の特徴について解説していきます。

&nbsp;

まずは下記に一覧でそれぞれの求人媒体のメリット・デメリットをまとめました。

&nbsp;

【ドライバーを採用できる求人媒体のメリット・デメリット】

・掲載費用が安い（月5万円程度～）・同業種の競合との競争になる

・採用者がいなかった場合、コストが無駄になる総合求人サイト・利用者が多いため、アプローチできる対象が広い・ドライバー経験者の採用は難しい

・掲載費用が高い（20万円程度～）求人検索エンジン（indeed・スタンバイなど）・年々利用者数が増えてきている

・求人情報がクリックされた時にのみ料金を請求される仕組みとなっている・求人票の作成を自社でおこなう必要がある

・多くの求職者に求人票を見てもらうためには専門的な知識が必要人材紹介サービス・「成果報酬型」のため、採用コストが無駄にならない

・採用活動全般にかかる人的コストを削減できる・採用コストが高い（入社者年収の約30％〜35％）

・社内に採用のノウハウが蓄積されない人材派遣サービス・短期間で採用できる

・雇用に伴う事務作業にかかる時間・手間を削減できる・就業期間や業務内容が限定される

・育成コストも多少はかかるハローワーク・無料で利用できる・若手を採用しづらい

・ドライバー経験者や即戦力を採用しづらい自社メディア（SNSやコーポレートサイト）・より詳細な情報を提供できる・制作、運営コストがかかる&nbsp;

以下ではそれぞれの求人媒体の特徴やメリット・デメリットについて、詳しく解説していきます。

ドライバー専門の求人サイト

ドライバーの採用に関して最もおすすめなのが、ドライバー専門の求人サイトです。特徴はドライバー職に特化しているため、総合求人サイトより専門的な情報を掲載できる点です。

&nbsp;

主なメリットは、ドライバー経験者の採用が期待できることです。ドライバー専門の求人サイトの一つである「ドラピタ」では、ユーザーの57%が大型免許、78％が中型免許を所持しているデータがあります。

&nbsp;

また、求人情報の掲載費用が安いのも特徴で、月額5万円程度からの掲載も可能です。

&nbsp;

ただし、候補者の獲得において同業他社との競争が激しくなるため、魅力的な求人票を作成することが求められます。

総合求人サイト

総合求人サイトでは、様々な業種や職種の求人が掲載されているのが特徴です。具体的には、リクナビやマイナビなどの有名サイトが存在します。

&nbsp;

これらのサイトは利用者数が多く、幅広い層へのアプローチが可能というメリットがあります。

&nbsp;

しかし掲載費用が新卒で月額約80万円以上、中途採用で月額約20万円以上かかるなど、コストが高いのが難点です。また、ドライバー経験者はドライバー専門の求人サイトに流れる傾向にあることから、ドライバー経験者の採用はしづらいといえるでしょう。

求人検索エンジン（indeed・スタンバイなど）

求人検索エンジンとは、インターネット上の求人情報を一括して検索できるサービスのことで、代表的なサービスとして「Indeed」や「スタンバイ」「求人ボックス」などが挙げられます。

&nbsp;

近年この求人検索エンジンが急速に需要を伸ばしており、求人検索エンジンの大手であるindeedは、2023年2月時点でサイトの月間訪問者数が2,700万人に上ります。

&nbsp;

求人検索エンジンのメリットは採用コストが無駄になりづらい点にあります。indeedでは求人情報の掲載は無料でできます。そして、有料利用の場合でも求人情報がクリックされた際にのみ料金が発生する仕組みになっているためコストが無駄になりません。

&nbsp;

ただ求人票の作成は自社でおこなう必要があります。さらに、多くの求職者に求人票を見てもらうためには検索順位を上位に持ってくる必要があり、そのための専門的な知識が必要となります。

人材紹介サービス

人材紹介サービスは、企業からの要求に基づき適切な候補者を紹介してくれます。

&nbsp;

ほとんどの企業が採用成功時にのみ報酬を支払う「成果報酬型」を採用しており、無駄な採用コストをカットできるのがメリットです。また、求人票の作成や求人媒体の管理・運用など、採用にかける人的コストを削減できる点も魅力です。

&nbsp;

一方、採用コストは他の求人媒体に比べて高く、通常は採用された人材の年収の約30％〜35％を人材紹介会社への報酬として支払います。また、社内に採用ノウハウが蓄積されない点もデメリットといえます。

人材派遣サービス

人材派遣サービスは、派遣会社が雇用している社員を派遣してもらうという仕組みのサービスです。一時的な人員不足の解消や、特定のスキルを持った人材が必要な場合に有効といえます。

&nbsp;

メリットは、比較的短期間で採用できる点や、雇用に伴う保険の手続き等にかかる時間・手間を削減できる点です。

&nbsp;

ただし就業期間や業務内容が限定されるため、社員に契約外の業務を依頼することはできません。また、社内独自の業務やルールなどの教育が必要になるため、育成コストも多少かかる点は認識しておきましょう。

ハローワーク

ハローワークは行政機関によって運営されており、無料で求人を掲載できます。

ただし、ハローワークの利用者は30歳以上が85%を占めているため、若手を採用しづらいといえます。また、職種問わず広範囲な求職者を対象にしているため、ドライバー経験者や即戦力を採用できる可能性は低いといえます。

自社メディア（SNSやコーポレートサイト）

SNSやコーポレートサイトなどの自社メディアを求人媒体として活用することも一つの手段です。

&nbsp;

近年、多くの求職者が求人サイトを見た後、自社メディアをチェックし応募を決めることが一般的になっています。そのため、他の求人媒体と自社メディアを組み合わせて採用活動をおこなう企業も増えています。

&nbsp;

自社メディアでは他の媒体より自社の情報を詳細に伝えられるため、自社への深い理解を持つ求職者が増え、採用後のミスマッチを減らすことにつながるでしょう。

&nbsp;

ただし、SNSやコーポレートサイトの制作・運営にコストがかかる点はデメリットといえます。

ドライバー採用でよく発生する3つの課題と7つの解決策について

ここからは、ドライバー採用でよく発生する3つの課題とそれに対する7つの解決策について解説していきます。

&nbsp;

まずは、下記に3つの課題と7つの解決策をまとめました。

&nbsp;

【ドライバー採用に関する3つの課題と7つの解決策】

労働条件を見直す

求人の募集方法を見直す

求人原稿の内容を改善する

採用ペルソナを明確にする

面接方法を見直す

面接後の求職者への対応方法を見直す

企業側からの情報提供量を増やす

&nbsp;

以下では、課題に対する原因の掘り下げと、それに基づく具体的な解決策まで解説していきます。

「求めるスキルや経験に合った応募者が集まらない」に対する解決策3つ

「求めるスキルや経験に合った人の応募が少ない」もしくは「応募者自体が少ない」という課題を抱えている場合、以下の3つの原因が考えられます。

&nbsp;

【原因】

労働条件が悪いため

求人媒体が合っていないため

求人情報の内容に問題があるため

&nbsp;

この3つの原因から考えられる解決策は、以下の3つです。

&nbsp;

【解決策】

労働条件を見直す

求人媒体を変更する

求人原稿の内容を改善する

&nbsp;

下記では、この3つの解決策について詳しく解説していきます。

労働条件を見直す

解決策の一つ目は労働条件を見直すことです。

&nbsp;

その際、下記のトラックドライバーの労働条件と全産業の労働条件が参考になるはずです。

&nbsp;

【トラックドライバー（運送業）の労働条件】

平均年収：約447万円（大型）、約399万円（中小型）

平均労働時間：月217時間（大型）、月207時間（中・小型）

参照：トラック運送業の現状等について｜国土交通省

&nbsp;

【全産業の労働条件】

平均年収：490万円

平均労働時間：月177時間

参照：トラック運送業の現状等について｜国土交通省

&nbsp;

まずは、自社の労働条件が上記の平均的なトラックドライバーの労働条件を下回っていないか確認してみてください。

&nbsp;

ただ、トラックドライバーの労働条件は全産業と比較すると悪い水準です。つまり、全産業の水準に合わせるように、労働条件を見直す必要があるということです。

&nbsp;

まずは自社の労働条件の見直しをおこなってみてください。

求人の募集方法を見直す

二つ目は、求人の募集方法を見直すことです。

&nbsp;

当社独自に実施した調査では、現役ドライバーの60%が求人探しにGoogleなどの検索エンジンで直接検索をかける「ダイレクト検索」を利用していることが分かりました。

&nbsp;

下記はその調査結果です。

&nbsp;

【ドライバーの仕事の探し方に関する調査結果】

Googleで表示される検索結果は、一般的な求人サイト（マイナビ、リクナビなど）よりも、求人検索エンジン（Indeed、求人ボックスなど）が上位に表示される傾向があることが分かっています。

&nbsp;

つまり求人検索エンジンのなかで求人情報を上位に表示できれば、応募者の増加が期待できるのです。

&nbsp;

ドライバー専門の求人サイトである「ドラピタ」では、indeedの有料オプション（スポンサー求人）を契約しているため、ドラピタ内で求人情報を掲載すると、indeedでも上位表示できる仕組みとなっています。

&nbsp;

求人の募集方法を見直したいという場合は、「ドラピタ」の公式サイトからお気軽にご相談ください。

求人原稿の内容を改善する

応募者が集まらない原因として、求人原稿のペルソナ設定が不十分であることも一因としてあるでしょう。

&nbsp;

ペルソナとは「年齢・性別・住居・家族構成・経験・趣味」などを明確に設定した求職者像のことを指し、具体的には以下のようなものを指します。

【ペルソナの一例】

ペルソナを設定してから求人原稿を作成すると、求職者に刺さる求人原稿を作成することが可能になります。つまり、自社の求めるスキルや経験に合致した求職者の応募が集まるようになるのです。

&nbsp;

「ドラピタ」ではドライバー業界を熟知したライターが、貴社の「一番欲しい人材」の採用につながるような原稿を制作しています。詳しくは「ドラピタ」の公式サイトからお気軽にお問い合わせください。

「求職者の面接通過率が悪い」に対する解決策2つ

「求職者の面接通過率が悪い」つまり「採用候補者の多くが面接の段階で落ちてしまう」という課題が発生する原因として、以下の2つが考えられます。

&nbsp;

【原因】

求める人材が明確でない

候補者を正しく判断できていない

&nbsp;

この2つの原因から考えられる解決策は、以下のとおりです。

&nbsp;

【解決策】

採用ペルソナを明確にする

面接方法を見直す

&nbsp;

下記では、この解決策2つについて詳しく解説していきます。

採用ペルソナを明確にする

求める人材、すなわち採用ペルソナが明確になっていない場合、次に解説する面接方法の見直しをおこなっても十分な効果が得られません。そのため、前提として採用ペルソナを明確に設定しておく必要があります。

&nbsp;

採用ペルソナについては、求人原稿の内容を改善するで解説している内容を参照してください。

面接方法を見直す

面接通過率が悪いもう一つの原因として、候補者を正しく判断できていない可能性もあります。そして、その理由としては「評価項目・質問・判断基準」が明確になっていないためです。

&nbsp;

そのため、上記の3つを明確にする必要があり、その手順は以下の3つのステップを踏みます。

&nbsp;

【「評価項目・質問・判断基準」を明確にする3つのステップ】

求めるスキルや経験、ドライバー業務に必要な資質を明確にする

1に基づいて質問を構成する

候補者の回答を評価する際の基準も事前に設定する

&nbsp;

このように事前に設定することで、候補者を正しく判断できるようになるはずです。

&nbsp;

候補者の面接通過率が悪い場合は、このように面接方法の見直しをおこなってみてください。

「面接・内定を辞退されてしまう」に対する解決策2つ

「面接・内定を辞退されてしまう」という課題が発生する原因として、以下の2つが考えられます。

&nbsp;

【原因】

内定後の求職者への対応スピード・方法に問題がある

求職者への情報提供が少ない

&nbsp;

上記の原因から考えられる解決策は以下の2つです。

&nbsp;

【解決策】

面接後の求職者への対応方法を見直す

企業側からの情報提供量を増やす

&nbsp;

以下で、2つの解決策について詳しく解説していきます。

求職者への対応方法を見直す

面接・内定の辞退を防ぐには、求職者への対応方法を見直してみてください。

&nbsp;

エン・ジャパン株式会社がおこなったアンケート調査で「応募先のイメージがアップしたのはどのシーンですか？」という質問に対して、以下のような回答結果が得られました。

参照：アルバイトの応募先からの好印象な対応とは？ 電話や面接での丁寧な受け答えが、応募者の志望意欲を左右する。｜アットプレス

&nbsp;

上記の回答結果から、以下の施策が有効といえます。

&nbsp;

【面接・内定の辞退を防ぐための具体的な施策】

スピード重視で書類選考は無し（※もしくは2日以内に連絡）

応募からの連絡は遅くても12時間以内（※3時間以内が理想）

面接日は応募から遅くても5日以内（※3日以内が理想）

前日にはリマインドメールを送付する

リマインドメールに採用サイトのURLを添付する

社員との面談の時間を設ける

綺麗ごとだけでなく覚悟してほしいことも伝える

&nbsp;

自社の現状と照らし合わせ、改善を検討してみてください。

企業側からの情報提供量を増やす

もう一つの解決策として、企業側からの情報提供料を増やすことが挙げられます。

&nbsp;

そのための具体的な施策として、以下の2つが有効といえます。

&nbsp;

【具体的な施策】

面接資料の作成

企業サイト（採用サイト）の作成・運営

&nbsp;

面接資料を作成するメリットとしては、採用担当者が複数いる場合に面接の質を担保したり、写真や図を使って入社後の働くイメージをより鮮明にできたりすることが挙げられます。

&nbsp;

また、企業サイトについては求職者の約70%が面接前に企業サイトを見ているというデータもあり、求職者への情報提供に関して重要な役割があるといえます。

&nbsp;

このように内定者への情報提供料を増やすことで、内定の辞退を防止することが期待できます。

&nbsp;

株式会社オーサムエージェントでは、面接資料や企業サイトの制作サービスをおこなっており、当社の実績は下記のリンクからご覧いただけます。興味のある方はぜひチェックしてみてください。

&nbsp;

面接資料の制作実績を見てみる

&nbsp;

企業サイトの制作実績を見てみる

ドライバーの早期離職の原因と対策について解説

企業側からすると早期離職は最もコストがかかるため、可能な限り防ぎたいと考えているはずです。

&nbsp;

国土交通省の調査によると、ドライバーの主な離職理由として挙げられているのは「給与・報酬が少ない」「過酷な労働環境（体力的にきつい、仕事量・残業が多い）」です。

&nbsp;

また、indeedの『トラックドライバーの定着率が高い運送会社が実践する「3つの施策」』という記事では「教育体制が不十分」「社員同士の横のつながりが希薄」などの理由が挙げられています。

&nbsp;

さらに、労働政策研究・研修機構の調査では、人間関係のよい職場であることが早期離職を防ぐ重要な要素であると指摘されています。

&nbsp;

つまり、早期離職の原因をまとめると下記のようになります。

&nbsp;

【早期離職の原因】

給与が少ない

過酷な労働環境（体力的にきつい、仕事量が多い、残業が多い）

教育体制が不十分

社員同士の横のつながりが希薄

&nbsp;

そして、この4つの原因から考えられる対策は下記のとおりです。

&nbsp;

【対策】

労働条件を見直す

1日体験入社を実施する

教育体制を整備する

社員を孤立させない仕組みを作る

&nbsp;

一つ目の「労働条件を見直す」については、本記事の労働条件を見直すで解説しているため、ここではその他3つの解決策について解説していきます。

対策①：1日体験入社の実施

ドライバーの早期離職を防ぐ効果的な対策の一つに「1日体験入社」があります。以下は、実際に1日体験入社を実施している企業の一例です。

&nbsp;

【1日体験入社を実施している企業】

今西物流株式会社

株式会社ミタカジスティクス

&nbsp;

メリットとしては、求職者の面接だけでは把握できない仕事への取り組み姿勢や適性を確認できる点です。同時に、求職者自身も実際に業務を体験することでドライバーの仕事の現実を理解し、入社前に適切な判断を下せるようになります。

&nbsp;

早期離職を防ぐために、採用プロセスの中に「1日体験入社」を組み込むことを検討してみてください。

対策②：教育体制の整備

ドライバーの早期離職を防ぐためには、教育体制の整備が重要といえます。具体的には、指導マニュアルの作成が効果的です。

&nbsp;

一般的に、新人教育として先輩ドライバーが付き添う体制をとる企業が多くあるでしょう。しかし、その教育のなかで先輩ドライバーが十分な指導をおこなわないことがあると、新人の業務に対する不安を招き早期離職の原因となってしまいます。

&nbsp;

このような先輩ドライバーによる指導のバラつきを抑えるためには、新人の指導マニュアルを作成することが有効です。

&nbsp;

また「一定基準を満たした人にしか指導をさせず、新人を指導する人には手当をつける」といった「新人指導のライセンス制度」を設けている企業もあります。

&nbsp;

このような教育体制の整備を検討してみてください。

対策③：社員を孤立させない仕組みづくり

社員を孤立させない仕組みを作ることも、ドライバーの早期離職の対策になります。

&nbsp;

独立法人労働政策研究・研修機構の調査によると、離職を思いとどまった理由として「職場の人間関係が良好だから」が3番目に多いことが分かります。

&nbsp;

【離職を思いとどまった理由】

参照：若年者の離職理由と職場定着に関する調査｜労働政策研究・研修機構

&nbsp;

つまり、社員を孤立させない良好な人間関係を築かせることが早期離職の防止策になるといえます。

&nbsp;

具体的には、以下のような施策が挙げられます。

&nbsp;

【具体的な施策】

同期の社員同士を交流させる機会を作る

社員同士コミュニケーションを取れるスペースを作る

メンター制度を実施する

&nbsp;

上記のような、社員を孤立させない仕組みづくりを検討してみてください。

まとめ：ドライバーの採用方法は採用市場の変化に合わせて適宜見直そう

冒頭お伝えした通り、近年の労働人口の減少や2024年問題などによりドライバーの採用は今後さらに難しくなってくると予想されます。

&nbsp;

そのため、本記事で紹介したドライバー採用に対する解決策を参考に、自社での対策を検討してみてください。

&nbsp;

また「ドライバーの数が足りない」「ドライバー経験者や若手が採用できない」など、ドライバー採用に関してお困りであれば「ドラピタ」が解決をお手伝いします。お気軽に「ドラピタ」の公式サイトからお問い合わせください。

ドラピタ

他サービス・SNS

コラム一覧

運送・物流業に特化した専門求人サイト『ドラピタ』が、大幅リニューアル！第2弾として「Web履歴書」「スカウト」「ハンティング」をリリースしました！

ドライバー転職は『WEB集客』と『スピード』がカギ！転職のきっかけは？転職時、どんなサービスを利用している？求職者のリアルをご紹介

運送業界の2030年問題とは？想定される問題や対策を徹底解説

運送業者が知るべき下請法の基礎知識｜適用範囲・違反事項・改正後の変化を解説

【最新】2025年に開催される物流展示会一覧｜参加するメリットとは？

ドライバー求人におすすめの掲載サイト20選｜求人サイトの選び方を紹介

ドラピタ資料請求

代田 晴久

代田 晴久

関連記事

運送・物流業に特化した専門求人サイト『ドラピタ』が、大幅リニューアル！第2弾として「Web履歴書」「スカウト」「ハンティング」をリリースしました！

ドライバー転職は『WEB集客』と『スピード』がカギ！転職のきっかけは？転職時、どんなサービスを利用している？求職者のリアルをご紹介

運送業界の2030年問題とは？想定される問題や対策を徹底解説

運送業者が知るべき下請法の基礎知識｜適用範囲・違反事項・改正後の変化を解説

【最新】2025年に開催される物流展示会一覧｜参加するメリットとは？

ドライバー求人におすすめの掲載サイト20選｜求人サイトの選び方を紹介

ドラピタに関してご不明な点がございましたらお気軽にお問い合わせください

お急ぎの方はお電話ください

0120-036-012

資料ダウンロード

ドラピタに関してご不明な点がございましたらお気軽にお問い合わせください

名古屋オフィス〒461-0001愛知県名古屋市東区泉1-23-30 名古屋パナソニックビル6F

東京オフィス〒103-0005東京都中央区日本橋久松町11-6 日本橋TSビル3F"
10,delivery.godoor.jp,ドライバーの採用が難しいのはなぜ？理由と対処法を解説 ...,https://delivery.godoor.jp/media/0l-3vnnm8_g/,2024/02/28 ... 給与の高さや残業時間の少なさ、福利厚生の手厚さはよく見られる項目です。そのほか、キャリアアップ支援の有無や離職率の低さなど、他社と比較して提示 ...,"GODOORトップ＞コラム＞ドライバーの採用が難しいのはなぜ？理由と対処法を解説ドライバーの採用が難しいのはなぜ？理由と対処法を解説2024/02/29ドライバー

採用

ドライバーの採用が難しい理由

運送業がドライバー不足に陥っている理由は、大きく2つあるといわれています。それぞれの実態を数字や具体的な事例を交えて紹介します。

給与の低さ

国税庁の「令和3年分民間給与実態統計調査」によると、全産業の平均年収は443万円と発表されています。それに対し、厚生労働省の「令和3年賃金構造基本統計調査」で発表された運送業の平均年収は、約278万円です。産業別でみると、一般的な企業よりも150万円ほど年収が低いことがわかります。

しかし、運送業の中でもドライバーに限ると、厚生労働省の「自動車運転業務の現状」で確認できる平均年収は400万円を超えています。全産業の平均年収よりも低いのは事実です。しかし、その差額は43万円程度と、特別年収が低いわけではありません。

それではなぜ、ドライバーの給与は低いイメージが定着しているのでしょうか。ドライバーは長時間労働となりやすく、労働時間に対する給料額が見合っていないといった現状があるためです。

国土交通省が公表した「自動車運転業務の現状」で確認したところ、ドライバーの所定内労働時間は以下のとおりです。

・大型トラックドライバー 2,604時間／年

・中小型トラックドライバー 2,484時間／年

全職種の平均労働時間は2,124時間／年なので、480時間ほど多いことが分かります。

あわせて、超過残業実労働時間も紹介します。

・大型トラックドライバー 468時間／年

・中小型トラックドライバー 468時間／年

全職種の平均は156時間／年なので、こちらは2倍以上多くなっています。よって、ドライバーの労働時間を加味すると、給与が水準以下であることが分かります。

運送業に対するイメージ

運送業に対して、ワークライフバランスの観点や安全面から、ネガティブなイメージをもたれていることも原因として考えられます。

ワークライフバランスを重要視する求職者は、若年層を中心に多くみられます。高収入は求めないが、しっかりした休日が欲しいと考える人が増加している現状です。運送業においては人材不足の課題が顕著であるため、その分業務量が多いのではないかと懸念されることも珍しくありません。

また、求職者がドライバー職に前向きなものの、安全性を心配した家族から理解を得られず、内定を辞退するケースも見受けられます。

自社の求人が埋もれているケースもある

運送業を含む物流業界の有効求人倍率は他業界と比べても高い傾向にあり、求職者に対して多くの求人が出ていると考えられます。そのため、求人に応募がなかなか来ない場合は、求人そのものが求職者の目に入っていないおそれがあります。

特に、求人を無料掲載できるサイトを利用している場合は、他企業の求人数も多くなります。そのため、自社の求人が埋もれやすくなるのです。

また、求職者は複数の求人を見比べながら、条件や待遇が良い企業を検討します。自社の求人が、他企業の求人と差別化できていない場合、求職者に応募を見送られてしまう可能性が考えられます。

求職者に求人を知ってもらうためには、他社にはない魅力や強みを求人広告でアピールすることが大切です。

ドライバーの採用を成功に導くためのポイント

ドライバーの採用活動を成功に導くためには、下記のポイントを押さえる必要があります。

明確なターゲットを設定する

まず、自社が求める人物像を具体的にイメージすることが大切です。特に、経験者と未経験者においては、採用ターゲットを分けて設定する必要があります。

経験者は好条件や高待遇を求めている場合が多く、良い条件が提示されている求人でないと選ばれにくくなります。また、多くの企業は即戦力として経験者を求めるため、競争率も高くなりやすいです。

一方、未経験者は働きやすさや研修制度の有無を重視して、求人を選ぶ傾向があります。一から業務を教える必要があるため、教育コストはかかります。しかし、人員確保のために採用の幅を広げることは有効な手段といえます。

募集の幅を広げる

募集の幅を広げる手段として、スポット配送ドライバーの採用も選択肢のひとつです。フルタイムの拘束ではなく、少ない荷物個数や、短時間の契約であれば、ドライバーの仕事をしてみたいと考える人も増えるはずです。

スポット専門のドライバーがいれば、急に多くの荷物を配送することになった場合や、繁忙期にも柔軟に対応できます。働く側もスポットで経験を積み、ドライバーの仕事が自分に合うか否か判断できるのはメリットです。

そのほか、時短勤務を可能にしたり横乗りスタッフを応募したりして募集の幅を広げれば、ドライバー志望者をひとりでも多く増やせる可能性があります。自社の状況を考慮しつつ、1件でも多くの応募を集める工夫をしてみてください。

集客力の高い求人媒体を利用する

求人媒体の選び方にも工夫が必要です。どんなに求人原稿を工夫しても、そもそも見られなければ意味がありません。知名度の低い求人媒体は避け、誰もが知るような有名な媒体を利用すれば、閲覧者の母数も増えて求人が見られる可能性が上がります。

また、物流業や運送業に特化した求人媒体に掲載すれば、ドライバーの求職者数アップが期待できます。

自社の強みをアピールする

求職者は、条件や待遇など自分にとって魅力的な企業を探します。そのため、多くの求人の中から自社を選んでもらうためには、自社ならではの強みや特徴をアピールすることが重要です。

給与の高さや残業時間の少なさ、福利厚生の手厚さはよく見られる項目です。そのほか、キャリアアップ支援の有無や離職率の低さなど、他社と比較して提示できる良い条件があれば前面にアピールしましょう。

応募したいと思われる企業になるためには、ときに会社の仕組みを改善する必要性も出てきます。条件面や仕事内容はもちろん、業務環境の改善を常に続けているかという企業側の姿勢は求職者にとって重要な評価ポイントです。ドライバーの業務に直結する訴求ポイントとして、ラストワンマイル業務効率化ツール「GODOOR」の利用を検討してみてはいかがでしょうか。

GODOORがあれば、住宅地図や荷物管理機能、配達先までのルート案内などドライバーに必要な機能が網羅されています。さらにベテランドライバーの配達先・表札メモなどをデータとして蓄積し、ドライバー、オペレーター問わず全社で共有できるため、業務の難易度が下がる上に、引き継ぎまで楽になるのがうれしいポイントです。

ワークライフバランスを重要視する求職者が増える昨今、業務環境をさらに良くすることで、応募者数アップも期待できます。

まとめ

さまざまな要因から、難しいといわれるドライバーの採用は、ドライバー業務に対する求職者の懸念材料を理解したうえで、打ち出すことができるメリットや実際の業務改善策をしっかり押さえておくことが大切です。ドライバーは長時間労働の割に給与が低く見られがちで、ネガティブなイメージを持たれやすいのが実情ですが、工夫次第で労働環境とそのイメージを改善することもできます。

労働環境の改善には、今回紹介したGODOORの導入をはじめとした業務効率化の取り組みが不可欠です。あわせて自社ならではの強みや特徴を考え、ターゲットや募集の幅を見直し、採用活動を強化しましょう。

PICK UP

配送ルートを最適化するには？作成時の課題と対処法

配送計画を立てる重要性とは、システムを用いる利点を解説

配送管理システムとは。特徴と活用で得られる効果を紹介

TAGS

X (旧 Twitter)

配達アプリ

営業訪問アプリ

サポート法人のお客様インボイス対応について

サービスゼンリン住宅地図ラインナップいつもNAVI住宅地図印刷サービス

運営企業会社概要

GODOOR利用規約

外部送信ポリシー

カスタマーハラスメント対応ポリシー

GODOORにおける個人情報の取り扱いについて"